time,left pressure 0[N/cm²],left pressure 1[N/cm²],left pressure 2[N/cm²],left pressure 3[N/cm²],left pressure 4[N/cm²],left pressure 5[N/cm²],left pressure 6[N/cm²],left pressure 7[N/cm²],left pressure 8[N/cm²],left pressure 9[N/cm²],left pressure 10[N/cm²],left pressure 11[N/cm²],left pressure 12[N/cm²],left acceleration X[g],left acceleration Y[g],left acceleration Z[g],left total force[N],left center of pressure X[mm],left center of pressure Y[mm],right pressure 0[N/cm²],right pressure 1[N/cm²],right pressure 2[N/cm²],right pressure 3[N/cm²],right pressure 4[N/cm²],right pressure 5[N/cm²],right pressure 6[N/cm²],right pressure 7[N/cm²],right pressure 8[N/cm²],right pressure 9[N/cm²],right pressure 10[N/cm²],right pressure 11[N/cm²],right pressure 12[N/cm²],right acceleration X[g],right acceleration Y[g],right acceleration Z[g],right total force[N],right center of pressure X[mm],right center of pressure Y[mm]
0.02,0.5,0.0,1.25,0.5,0.0,0.0,0.0,0.5,0.0,0.25,1.0,0.0,0.0,-0.17,0.08,0.95,62.84,18.2,10.8,0.5,1.0,0.5,1.25,0.5,2.0,0.5,1.25,0.75,1.5,1.5,0.75,0.25,0.02,0.14,0.95,169.88,-1.4,-4.4
0.04,0.75,0.0,1.25,0.5,0.0,0.0,0.0,0.5,0.0,0.75,0.75,0.0,0.0,-0.17,0.08,0.95,66.47,15.7,10.3,0.5,0.75,0.5,1.25,0.25,2.0,0.5,1.0,0.75,1.5,1.5,0.75,0.25,0.02,0.14,0.95,166.93,-1.7,-7.5
0.06,0.75,0.0,0.5,0.5,0.0,0.0,0.0,0.5,0.0,0.25,1.0,0.0,0.0,-0.17,0.08,0.95,63.33,14.8,5.4,0.5,0.75,0.25,1.25,0.5,2.0,0.5,1.25,0.75,1.5,1.25,0.75,0.25,0.02,0.14,0.95,166.17,-0.1,-6.7
0.08,0.75,0.0,1.5,0.5,0.0,0.0,0.0,0.5,0.0,0.25,0.75,0.0,0.0,-0.17,0.08,0.95,66.18,20.7,23.5,0.5,0.75,0.5,1.25,0.5,2.0,0.5,1.0,0.75,1.5,1.5,0.75,0.0,0.02,0.14,0.95,164.22,-1.9,-3.6
0.1,0.75,0.0,1.25,0.5,0.0,0.0,0.0,0.5,0.0,0.25,1.0,0.0,0.0,-0.17,0.08,0.95,66.86,19.1,15.6,0.25,0.75,0.5,0.75,0.5,2.0,0.5,1.25,0.75,1.5,1.5,0.75,0.25,0.02,0.14,0.95,162.19,0.2,-12.0
0.12,0.75,0.0,1.5,0.5,0.0,0.0,0.0,0.25,0.0,0.25,0.75,0.0,0.0,-0.17,0.08,0.95,67.65,23.1,27.4,0.5,1.0,0.5,1.25,0.25,2.0,0.5,1.25,0.75,1.5,1.5,0.75,0.5,0.02,0.14,0.95,164.8,-1.2,-8.1
0.14,0.75,0.0,1.5,0.5,0.0,0.0,0.0,0.5,0.0,0.25,0.75,0.0,0.0,-0.17,0.08,0.95,68.14,20.7,23.5,0.5,1.0,0.5,1.25,0.5,2.0,0.5,1.0,0.75,1.5,1.25,0.75,0.0,0.02,0.14,0.95,165.12,-2.0,0.2
0.16,0.75,0.0,1.5,0.5,0.0,0.0,0.0,0.25,0.0,0.25,0.75,0.0,0.0,-0.17,0.08,0.95,68.36,23.1,27.4,1.0,0.5,0.5,1.25,0.25,2.0,0.5,1.25,0.75,1.5,1.5,0.75,0.25,0.02,0.14,0.95,167.71,-2.4,-6.3
0.18,0.75,0.0,1.5,0.5,0.0,0.0,0.0,0.5,0.0,0.5,0.75,0.0,0.0,-0.17,0.08,0.95,69.86,18.7,18.0,0.5,0.75,0.25,1.25,0.25,2.0,0.5,1.0,0.75,1.5,1.75,0.75,0.25,0.02,0.14,0.95,165.4,-1.0,-10.6
0.2,0.75,0.0,1.25,0.5,0.0,0.0,0.0,0.25,0.0,0.25,0.5,0.0,0.25,-0.17,0.08,0.95,67.43,20.3,22.3,0.5,0.5,0.5,1.5,0.5,2.0,0.5,1.0,0.75,1.5,1.75,0.75,0.25,0.02,0.14,0.95,166.68,-1.9,-8.3
0.22,0.75,0.0,1.0,0.5,0.0,0.0,0.0,0.25,0.0,0.25,0.75,0.0,0.0,-0.17,0.08,0.95,64.33,20.8,22.4,0.5,0.75,0.5,1.25,0.25,2.0,0.5,1.25,0.75,1.5,1.75,0.75,0.25,0.02,0.14,0.95,167.18,-1.5,-9.6
0.24,0.75,0.0,1.5,0.5,0.0,0.0,0.0,0.25,0.0,0.25,0.75,0.0,0.0,-0.17,0.08,0.95,62.86,23.1,27.4,0.5,0.75,0.5,1.0,0.5,2.0,0.5,1.0,0.75,1.5,1.75,0.75,0.25,0.02,0.14,0.95,167.96,-1.4,-8.9
0.26,0.75,0.0,1.25,0.5,0.0,0.0,0.0,0.25,0.0,0.25,0.75,0.0,0.0,-0.17,0.08,0.95,61.58,22.0,25.1,1.0,1.0,0.5,1.25,0.25,2.0,0.5,1.25,0.75,1.25,1.75,0.75,0.0,0.02,0.14,0.95,169.99,-3.7,0.4
0.28,0.75,0.0,1.25,0.5,0.0,0.0,0.0,0.25,0.0,0.25,0.75,0.0,0.0,-0.17,0.08,0.95,61.17,22.0,25.1,1.25,1.0,0.5,1.25,0.5,2.0,0.5,1.0,0.75,1.5,1.5,0.75,0.25,0.02,0.14,0.95,175.31,-3.7,2.0
0.3,0.75,0.0,1.5,0.5,0.0,0.0,0.0,0.5,0.0,0.25,0.75,0.0,0.0,-0.17,0.08,0.95,63.93,20.7,23.5,0.5,0.75,0.5,0.75,0.25,2.0,0.5,1.0,0.75,1.5,1.75,0.75,0.25,0.02,0.14,0.95,171.4,-1.1,-12.2
0.32,0.75,0.0,1.25,0.5,0.0,0.0,0.0,0.5,0.0,0.25,0.75,0.0,0.0,-0.17,0.08,0.95,64.25,19.6,21.1,0.5,0.75,0.5,1.25,0.5,2.0,0.5,1.0,0.75,1.5,1.5,0.75,0.25,0.02,0.14,0.95,169.97,-1.6,-6.0
0.34,0.75,0.0,1.5,0.5,0.0,0.0,0.0,0.25,0.0,0.25,0.75,0.0,0.0,-0.17,0.08,0.95,65.16,23.1,27.4,0.75,0.75,0.25,0.75,0.25,2.0,0.5,1.25,0.75,1.5,1.75,0.75,0.25,0.02,0.14,0.95,165.41,-0.6,-12.2
0.36,0.75,0.0,1.25,0.5,0.0,0.0,0.0,0.25,0.0,0.5,0.75,0.0,0.0,-0.17,0.08,0.95,65.08,19.7,18.8,0.5,1.0,0.5,1.25,0.25,2.0,0.75,1.0,0.75,1.5,1.5,0.75,0.0,0.02,0.14,0.95,164.26,-2.6,-2.4
0.38,0.75,0.0,1.25,0.5,0.0,0.0,0.0,0.25,0.0,0.25,0.75,0.0,0.0,-0.17,0.08,0.95,63.88,22.0,25.1,0.25,1.0,0.5,1.25,0.25,2.0,0.5,1.25,0.75,1.25,1.5,0.75,0.0,0.02,0.14,0.95,162.11,-1.6,-4.0
0.4,0.75,0.0,1.25,0.5,0.0,0.0,0.0,0.5,0.0,0.25,0.75,0.0,0.0,-0.17,0.08,0.95,63.82,19.6,21.1,0.5,0.75,0.5,1.25,0.5,2.0,0.25,1.25,0.75,1.5,1.75,0.75,0.25,0.02,0.08,0.95,165.27,-1.0,-8.4
0.42,0.75,0.0,1.25,0.5,0.0,0.0,0.0,0.25,0.0,0.25,0.75,0.0,0.0,-0.17,0.08,0.95,62.78,22.0,25.1,0.5,0.75,0.5,1.5,0.25,2.0,0.5,1.0,0.75,1.5,1.75,0.75,0.25,0.02,0.14,0.95,166.81,-2.2,-7.5
0.44,0.75,0.0,1.25,0.5,0.0,0.0,0.0,0.25,0.0,0.25,1.0,0.0,0.0,-0.17,0.08,0.95,63.92,21.3,19.0,0.5,1.0,0.25,1.25,0.25,2.0,0.5,1.0,0.75,1.5,1.75,0.75,0.25,0.02,0.14,0.95,167.04,-1.3,-8.1
0.46,0.75,0.0,1.0,0.5,0.0,0.0,0.0,0.25,0.0,0.25,0.75,0.0,0.0,-0.17,0.08,0.95,61.39,20.8,22.4,0.5,0.75,0.5,0.75,0.25,2.0,0.5,1.0,0.75,1.5,1.5,0.75,0.25,0.02,0.14,0.95,162.97,-0.9,-10.7
0.48,0.75,0.0,1.0,0.5,0.0,0.0,0.0,0.25,0.0,0.25,1.0,0.0,0.0,-0.17,0.08,0.95,60.32,20.2,16.1,0.75,1.0,0.25,1.25,0.5,2.0,0.5,1.0,0.75,1.5,1.5,0.75,0.5,0.02,0.14,0.95,165.37,-1.3,-5.4
0.5,0.75,0.0,1.0,0.5,0.0,0.0,0.0,0.25,0.0,0.25,0.0,0.0,0.25,-0.17,0.08,0.95,55.97,20.3,34.8,1.0,0.75,0.5,1.25,0.25,2.0,0.75,1.0,0.75,1.5,1.75,0.75,0.25,0.02,0.14,0.95,167.7,-3.5,-4.4
0.52,0.75,0.0,0.75,0.5,0.0,0.0,0.0,0.25,0.0,0.25,1.0,0.0,0.0,-0.17,0.08,0.95,54.54,18.8,12.7,0.5,0.5,0.25,0.75,0.5,2.0,0.75,1.0,0.75,1.5,1.5,0.75,0.25,0.02,0.14,0.95,164.71,0.0,-13.0
0.54,0.5,0.0,1.0,0.5,0.0,0.0,0.0,0.25,0.0,0.25,0.75,0.0,0.0,-0.17,0.08,0.95,52.02,19.8,17.0,0.75,0.25,0.5,1.0,0.25,1.75,0.5,1.25,0.75,1.5,1.5,0.75,0.25,0.02,0.14,0.95,161.65,-1.6,-13.6
0.56,0.75,0.0,1.0,0.5,0.0,0.0,0.0,0.0,0.0,0.25,0.75,0.0,0.0,-0.17,0.08,0.95,51.92,23.7,27.2,0.25,0.5,0.5,1.0,0.25,2.25,0.5,1.0,0.75,1.5,1.5,0.75,0.25,0.02,0.14,0.95,156.79,0.1,-13.1
0.58,0.75,0.0,1.0,0.5,0.0,0.0,0.0,0.0,0.0,0.25,1.0,0.0,0.0,-0.17,0.08,0.95,52.51,22.8,20.0,0.5,1.0,0.5,1.25,0.25,2.0,0.75,1.0,0.75,1.5,1.5,0.75,0.25,0.02,0.08,0.95,158.97,-2.2,-4.8
0.6,0.75,0.0,1.0,0.5,0.0,0.0,0.0,0.0,0.0,0.25,1.0,0.0,0.0,-0.17,0.08,0.95,53.82,22.8,20.0,0.5,0.75,0.5,1.25,0.5,2.0,0.5,1.0,0.75,1.5,1.75,0.75,0.25,0.02,0.14,0.95,162.24,-1.7,-7.4
0.62,0.75,0.0,1.25,0.5,0.0,0.0,0.0,0.0,0.0,0.25,0.75,0.0,0.0,-0.17,0.08,0.95,55.25,24.8,29.7,0.5,0.75,0.5,0.5,0.5,2.0,0.25,1.0,0.75,1.5,1.75,0.75,0.25,0.02,0.14,0.95,162.5,-0.3,-12.6
0.64,0.75,0.0,1.25,0.5,0.0,0.0,0.0,0.0,0.0,0.25,1.0,0.0,0.0,-0.17,0.08,0.95,57.27,23.9,22.9,0.5,0.75,0.25,1.0,0.5,2.0,0.25,1.25,0.75,1.5,1.75,0.75,0.25,0.02,0.14,0.95,162.72,0.1,-11.5
0.66,0.75,0.0,1.25,0.5,0.0,0.0,0.0,0.0,0.0,0.0,0.75,0.0,0.25,-0.17,0.08,0.95,58.17,24.9,26.9,0.5,0.75,0.25,0.5,0.25,2.0,0.5,1.0,0.75,1.5,1.75,0.75,0.25,0.02,0.14,0.95,157.8,0.1,-15.8
0.68,0.75,0.0,0.75,0.5,0.0,0.0,0.0,0.0,0.0,0.25,0.75,0.0,0.0,-0.17,0.08,0.95,55.46,22.5,24.3,0.75,1.0,0.5,1.25,0.5,2.0,0.5,1.25,0.75,1.5,1.5,0.75,0.25,0.02,0.14,0.95,163.66,-2.1,-2.4
0.7,0.75,0.0,1.25,0.5,0.0,0.0,0.0,0.5,0.0,0.25,0.75,0.0,0.0,-0.17,0.08,0.95,58.36,19.6,21.1,0.5,0.75,0.25,1.0,0.25,2.0,0.75,1.0,0.75,1.5,1.5,0.75,0.25,0.02,0.14,0.95,161.64,-0.8,-10.4
0.72,1.0,0.0,1.0,0.5,0.0,0.0,0.0,0.5,0.0,0.25,0.75,0.0,0.0,-0.17,0.08,0.95,60.77,19.3,23.0,0.5,0.25,0.5,1.25,0.25,2.0,0.5,1.25,0.75,1.5,1.75,0.75,0.25,0.02,0.14,0.95,162.6,-1.0,-14.6
0.74,0.75,0.0,1.25,0.5,0.0,0.0,0.0,0.5,0.0,0.25,0.75,0.0,0.0,-0.17,0.08,0.95,64.32,19.6,21.1,0.5,0.75,0.5,0.5,0.5,2.0,0.75,1.0,0.75,1.5,1.75,0.75,0.25,0.02,0.14,0.95,161.14,-1.0,-11.7
0.76,0.75,0.0,1.25,0.5,0.0,0.0,0.0,0.5,0.0,0.25,0.75,0.0,0.0,-0.17,0.08,0.95,65.75,19.6,21.1,0.5,0.75,0.5,1.0,0.5,1.75,0.75,1.0,0.75,1.5,1.5,0.75,0.25,0.02,0.14,0.95,162.28,-2.0,-8.0
0.78,0.75,0.0,1.0,0.5,0.0,0.0,0.0,0.25,0.0,0.25,1.0,0.0,0.0,-0.17,0.08,0.95,65.34,20.2,16.1,0.75,0.5,0.25,1.25,0.5,2.0,0.5,1.0,0.75,1.5,1.5,0.75,0.25,0.02,0.14,0.95,161.61,-1.2,-7.8
0.8,0.75,0.0,1.0,0.5,0.0,0.0,0.0,0.25,0.0,0.25,1.0,0.0,0.0,-0.17,0.08,0.95,63.56,20.2,16.1,0.0,0.75,0.5,0.5,0.5,2.0,0.5,1.0,0.75,0.75,1.5,0.75,0.25,0.02,0.14,0.95,154.03,0.0,-10.9
0.82,0.75,0.0,1.0,0.5,0.0,0.0,0.0,0.5,0.0,0.25,0.75,0.0,0.0,-0.17,0.08,0.95,62.03,18.3,18.3,0.75,0.75,0.5,1.5,0.5,1.75,0.5,1.25,0.75,1.5,1.75,0.75,0.25,0.02,0.14,0.95,159.85,-2.8,-5.4
0.84,0.75,0.0,0.75,0.5,0.0,0.0,0.0,0.5,0.0,0.25,0.5,0.0,0.0,-0.17,0.08,0.95,58.88,17.3,22.0,0.5,0.75,0.5,0.5,0.5,2.0,0.25,1.0,0.75,1.5,1.5,0.75,0.25,0.02,0.14,0.95,157.4,0.0,-11.1
0.86,0.75,0.0,1.0,0.5,0.0,0.0,0.0,0.5,0.0,0.25,0.75,0.0,0.0,-0.17,0.08,0.95,58.67,18.3,18.3,0.25,0.5,0.25,1.0,0.5,2.0,0.25,1.0,0.75,1.5,1.75,0.75,0.25,0.02,0.14,0.95,157.96,0.8,-16.0
0.88,0.75,0.0,1.0,0.5,0.0,0.0,0.0,0.25,0.0,0.25,1.0,0.0,0.0,-0.17,0.08,0.95,58.64,20.2,16.1,0.25,1.0,0.25,1.25,0.5,2.0,0.5,1.0,0.75,1.5,1.5,0.75,0.25,0.02,0.14,0.95,158.01,-0.3,-7.3
0.9,1.0,0.0,1.0,0.5,0.0,0.0,0.0,0.5,0.0,0.25,1.0,0.0,0.0,-0.17,0.08,0.95,62.38,18.8,17.4,0.25,0.5,0.25,1.25,0.25,2.0,0.5,1.0,0.75,1.5,1.75,0.75,0.25,0.02,0.14,0.95,157.42,0.0,-15.6
0.92,1.0,0.0,1.0,0.5,0.0,0.0,0.0,0.25,0.0,0.25,0.75,0.0,0.0,-0.17,0.08,0.95,62.69,21.7,27.2,0.5,0.5,0.5,1.0,0.25,1.75,0.5,1.0,0.75,1.5,1.75,0.75,0.25,0.02,0.14,0.95,155.01,-1.8,-14.2
0.94,0.75,0.0,1.25,0.5,0.0,0.0,0.0,0.5,0.0,0.25,1.0,0.0,0.0,-0.17,0.08,0.95,64.89,19.1,15.6,0.5,0.75,0.5,0.5,0.5,2.0,0.25,1.0,0.75,1.5,1.5,0.75,0.25,0.02,0.14,0.95,154.61,0.0,-11.1
0.96,0.75,0.0,1.25,0.5,0.0,0.0,0.0,0.25,0.0,0.25,0.75,0.0,0.0,-0.17,0.08,0.95,64.02,22.0,25.1,0.5,1.0,0.5,1.25,0.25,2.0,0.5,1.0,0.75,1.5,1.5,0.75,0.25,0.02,0.14,0.95,158.58,-1.9,-5.1
0.98,0.75,0.0,1.0,0.5,0.0,0.0,0.0,1.0,0.0,0.75,0.75,0.0,0.25,-0.17,0.08,0.95,69.29,9.7,-3.3,0.0,1.0,0.5,1.25,0.5,2.0,0.5,1.25,0.75,1.25,1.5,0.75,0.5,0.02,0.14,0.95,161.77,-0.1,-9.4
1.0,1.0,0.0,1.0,0.5,0.0,0.0,0.0,0.5,0.0,0.25,0.75,0.0,0.0,-0.17,0.08,0.95,68.94,19.3,23.0,0.5,0.75,0.25,0.5,0.25,2.0,0.25,1.0,0.75,1.5,1.5,0.75,0.25,0.02,0.14,0.95,158.4,0.7,-14.8
1.02,0.75,0.0,1.25,0.5,0.0,0.0,0.0,0.25,0.0,0.25,1.0,0.0,0.0,-0.17,0.08,0.95,69.42,21.3,19.0,0.5,0.75,0.5,0.75,0.25,1.75,0.5,1.0,0.75,1.25,1.5,0.75,0.25,0.02,0.14,0.95,154.85,-1.9,-10.2
1.04,1.0,0.0,1.0,0.5,0.0,0.0,0.0,0.25,0.0,0.25,0.75,0.0,0.0,-0.17,0.08,0.95,66.33,21.7,27.2,0.75,0.75,0.25,1.25,0.5,2.0,0.25,1.0,0.75,1.5,1.5,0.75,0.25,0.02,0.14,0.95,156.49,-1.1,-5.7
1.06,1.25,0.0,1.25,0.5,0.0,0.0,0.0,0.5,0.0,0.25,0.75,0.0,0.0,-0.17,0.08,0.95,68.56,21.2,29.1,0.5,1.0,0.5,1.25,0.25,2.0,0.5,1.0,0.75,1.25,1.5,0.75,0.5,0.02,0.14,0.95,158.89,-2.0,-5.9
1.08,0.75,0.0,1.25,0.5,0.0,0.0,0.0,0.25,0.0,0.25,0.75,0.0,0.0,-0.17,0.08,0.95,66.32,22.0,25.1,0.25,1.0,0.5,1.0,0.5,2.0,0.5,1.0,0.75,1.5,1.75,0.75,0.5,0.02,0.14,0.95,165.26,-0.6,-10.9
1.1,1.0,0.0,1.25,0.5,0.0,0.0,0.0,0.25,0.0,0.25,0.75,0.0,0.0,-0.17,0.08,0.95,66.33,22.8,29.4,0.5,0.75,0.5,0.5,0.5,2.0,0.5,1.0,0.75,1.5,1.5,0.75,0.25,0.02,0.14,0.95,164.32,-0.4,-10.7
1.12,0.75,0.0,1.25,0.5,0.0,0.0,0.0,0.25,0.0,0.25,0.75,0.0,0.0,-0.17,0.08,0.95,64.07,22.0,25.1,0.5,0.75,0.5,1.25,0.5,1.75,0.5,1.25,0.5,1.5,1.5,0.75,0.25,0.02,0.14,0.95,164.53,-1.4,-6.8
1.14,1.0,0.0,1.25,0.5,0.0,0.0,0.0,0.25,0.0,0.25,1.0,0.0,0.25,-0.17,0.08,0.95,66.26,20.0,15.7,0.25,1.0,0.25,1.25,0.25,2.0,0.5,1.0,0.75,1.5,1.75,0.75,0.25,0.02,0.14,0.95,163.26,-0.6,-10.3
1.16,1.0,0.0,1.25,0.5,0.0,0.0,0.0,0.25,0.0,0.25,0.5,0.0,0.0,-0.17,0.08,0.95,64.91,23.6,36.2,0.5,0.75,0.5,0.5,0.25,2.0,0.5,1.0,0.75,1.25,1.75,0.75,0.25,0.02,0.14,0.95,159.47,-1.1,-12.4
1.18,1.25,0.0,1.25,0.5,0.0,0.0,0.0,0.25,0.0,0.25,1.25,0.0,0.0,-0.17,0.08,0.95,69.1,22.2,22.0,0.75,0.75,0.5,1.0,0.25,0.75,0.5,1.0,0.75,1.5,1.5,0.75,0.25,0.02,0.14,0.95,153.77,-5.0,-11.7
1.2,1.0,0.0,1.5,0.5,0.0,0.0,0.0,0.25,0.0,0.25,0.75,0.0,0.0,-0.17,0.08,0.95,69.94,23.7,31.3,0.0,0.75,0.5,1.25,0.5,1.75,0.5,1.0,0.5,1.5,1.5,0.75,0.25,0.02,0.14,0.95,151.37,-0.4,-10.7
1.22,1.0,0.0,1.25,0.5,0.0,0.0,0.0,0.25,0.0,0.25,0.75,0.0,0.0,-0.17,0.08,0.95,69.42,22.8,29.4,0.25,0.5,0.25,1.25,0.25,2.0,0.5,1.0,0.75,1.25,1.5,0.75,0.25,0.02,0.14,0.95,149.11,-0.1,-12.7
1.24,1.0,0.0,1.25,0.5,0.0,0.0,0.0,0.25,0.0,0.25,0.75,0.0,0.0,-0.17,0.08,0.95,68.29,22.8,29.4,0.0,0.5,0.5,1.25,0.5,1.25,0.25,1.0,0.75,1.0,1.5,0.5,0.25,0.02,0.14,0.95,143.88,-1.8,-11.1
1.26,1.0,0.0,1.25,0.5,0.0,0.0,0.0,0.25,0.0,0.25,0.75,0.0,0.0,-0.17,0.08,0.95,67.07,22.8,29.4,0.5,0.5,0.25,1.5,0.25,2.0,0.5,1.0,0.75,1.25,1.5,0.75,0.25,0.02,0.14,0.95,145.23,-1.3,-8.5
1.28,0.75,0.0,1.25,0.5,0.0,0.0,0.0,0.25,0.0,0.25,0.5,0.0,0.0,-0.17,0.08,0.95,63.43,22.8,32.1,0.25,1.0,0.5,1.25,0.5,2.0,0.5,1.0,0.75,0.75,1.5,0.75,0.25,0.02,0.14,0.95,147.87,-2.3,-0.9
1.3,0.75,0.0,1.5,0.5,0.0,0.0,0.0,0.25,0.0,0.25,1.0,0.0,0.0,-0.17,0.08,0.95,64.1,22.4,21.5,0.5,1.0,0.5,1.25,0.5,2.0,0.5,1.0,0.75,1.5,1.75,0.75,0.25,0.02,0.14,0.95,158.05,-2.0,-5.1
1.32,1.0,0.0,1.25,0.5,0.0,0.0,0.0,0.75,0.0,0.25,0.5,0.0,0.0,-0.17,0.08,0.95,66.1,18.8,27.3,0.25,0.75,0.5,1.25,0.5,2.0,0.25,1.0,0.75,1.5,1.5,0.75,0.25,0.02,0.14,0.95,162.09,-0.5,-8.5
1.34,1.0,0.0,1.25,0.5,0.0,0.0,0.0,0.5,0.0,0.25,0.75,0.0,0.0,-0.17,0.08,0.95,67.8,20.4,25.3,0.5,0.75,0.5,0.5,0.25,2.0,0.5,1.25,0.75,1.5,1.5,0.75,0.25,0.02,0.14,0.95,162.99,-0.1,-13.1
1.36,0.75,0.0,1.5,0.5,0.0,0.0,0.0,0.25,0.0,0.25,1.0,0.0,0.0,-0.17,0.08,0.95,68.66,22.4,21.5,0.25,1.0,0.25,1.25,0.5,2.25,0.5,1.0,0.75,1.5,1.5,0.75,0.25,0.02,0.14,0.95,163.87,0.1,-6.4
1.38,1.0,0.0,1.25,0.5,0.0,0.0,0.0,0.25,0.0,0.25,0.75,0.0,0.0,-0.17,0.08,0.95,67.77,22.8,29.4,0.5,1.0,0.25,1.0,0.5,2.0,0.5,1.0,0.75,1.25,1.5,0.75,0.25,0.02,0.14,0.95,163.54,-1.0,-5.0
1.4,1.0,0.0,1.5,0.5,0.0,0.0,0.0,0.25,0.0,0.25,0.75,0.0,0.0,-0.17,0.08,0.95,68.38,23.7,31.3,1.0,1.0,0.25,1.25,0.5,2.0,0.5,1.0,0.75,1.5,1.75,0.75,0.25,0.02,0.14,0.95,170.0,-2.5,-2.6
1.42,1.0,0.0,1.25,0.5,0.0,0.0,0.0,0.25,0.0,0.25,0.75,0.0,0.0,-0.17,0.08,0.95,66.87,22.8,29.4,0.5,0.75,0.5,0.5,0.5,2.0,0.5,1.0,0.75,1.5,1.75,0.75,0.25,0.02,0.14,0.95,168.38,-0.6,-12.1
1.44,1.0,0.0,1.5,0.5,0.0,0.0,0.0,0.25,0.0,0.25,0.5,0.0,0.0,-0.17,0.08,0.95,67.36,24.5,37.8,0.5,0.75,0.25,1.25,0.5,2.0,0.5,1.5,0.75,1.5,0.25,0.75,0.25,0.02,0.14,0.95,165.87,1.2,-1.2
1.46,1.25,0.0,1.25,0.5,0.0,0.0,0.0,0.25,0.0,0.5,0.75,0.0,0.25,-0.17,0.08,0.95,70.4,19.4,19.6,0.5,0.75,0.5,1.0,0.5,2.0,0.5,1.0,0.75,1.5,1.75,0.75,0.25,0.02,0.14,0.95,164.74,-1.4,-8.9
1.48,1.5,0.0,1.25,0.5,0.0,0.0,0.0,0.5,0.0,0.25,0.0,0.0,0.25,-0.17,0.08,0.95,71.61,21.6,42.5,0.5,1.0,0.5,1.25,0.25,2.0,0.5,1.0,0.75,1.0,1.75,0.75,0.25,0.02,0.14,0.95,164.39,-2.9,-3.5
1.5,1.25,0.0,1.0,0.5,0.0,0.0,0.0,0.25,0.0,0.25,0.75,0.0,0.0,-0.17,0.08,0.95,70.6,22.5,31.4,0.5,0.75,0.5,0.75,0.25,2.0,0.5,1.0,0.75,1.5,1.5,0.75,0.25,0.02,0.14,0.95,160.55,-0.9,-10.7
1.52,1.5,0.0,1.25,0.5,0.0,0.0,0.0,0.25,0.0,0.25,0.75,0.0,0.0,-0.17,0.08,0.95,71.56,24.1,36.6,0.5,0.75,0.0,0.75,0.25,2.0,0.25,1.0,0.75,1.5,1.75,0.75,0.25,0.02,0.14,0.95,155.76,1.0,-16.3
1.54,1.0,0.0,1.25,0.5,0.0,0.0,0.0,0.25,0.0,0.25,0.75,0.0,0.0,-0.17,0.08,0.95,69.12,22.8,29.4,0.5,0.75,0.0,1.0,0.5,2.0,0.5,1.0,0.75,1.5,1.5,0.75,0.25,0.02,0.14,0.95,153.69,0.5,-10.8
1.56,1.25,0.0,1.5,0.5,0.0,0.0,0.0,0.25,0.0,0.25,1.0,0.0,0.0,-0.17,0.08,0.95,71.8,23.6,29.1,0.5,1.0,0.5,1.25,0.25,2.0,0.5,1.0,0.75,1.25,1.5,0.75,0.25,0.02,0.14,0.95,155.89,-2.3,-3.5
1.58,1.25,0.0,1.25,0.5,0.0,0.0,0.0,0.25,0.0,0.25,1.0,0.0,0.0,-0.17,0.08,0.95,72.57,22.8,27.3,0.25,0.75,0.0,1.25,0.5,2.0,0.75,1.0,0.75,1.5,1.75,0.75,0.25,0.02,0.14,0.95,157.73,0.2,-12.4
1.6,1.25,0.0,1.25,0.5,0.0,0.0,0.0,0.25,0.0,0.25,0.75,0.0,0.0,-0.17,0.08,0.95,73.04,23.5,33.2,0.5,0.75,0.25,1.25,0.0,2.0,0.5,1.0,0.75,1.5,1.5,0.75,0.25,0.02,0.14,0.95,157.21,-0.9,-10.8
1.62,1.0,0.0,1.25,0.5,0.0,0.0,0.0,0.25,0.0,0.5,0.75,0.0,0.0,-0.17,0.08,0.95,71.51,20.5,23.2,0.5,0.75,0.0,1.0,1.0,2.0,0.5,1.0,0.75,1.5,1.5,0.75,0.25,0.02,0.14,0.95,159.5,0.6,-7.5
1.64,1.5,0.0,1.0,0.5,0.0,0.0,0.0,0.25,0.0,0.25,0.5,0.0,0.0,-0.17,0.08,0.95,69.35,24.0,41.9,0.25,1.0,0.5,1.25,0.5,2.0,0.5,1.25,0.75,1.25,1.75,0.75,0.25,0.02,0.14,0.95,162.92,-1.3,-6.4
1.66,1.25,0.0,1.0,0.5,0.0,0.0,0.0,0.25,0.0,0.25,0.75,0.0,0.0,-0.17,0.08,0.95,67.25,22.5,31.4,0.5,0.75,0.5,1.25,0.5,2.0,0.5,1.0,0.75,1.5,1.5,0.75,0.25,0.02,0.14,0.95,166.52,-1.6,-6.0
1.68,1.25,0.0,1.0,0.5,0.0,0.0,0.0,0.25,0.0,0.25,0.5,0.0,0.0,-0.17,0.08,0.95,64.36,23.3,38.4,0.5,0.75,0.5,1.25,0.5,2.0,0.5,1.25,0.75,1.5,1.5,0.75,0.25,0.02,0.14,0.95,169.45,-1.2,-6.7
1.7,1.0,0.0,1.0,0.5,0.0,0.0,0.0,0.25,0.0,0.25,0.5,0.0,0.0,-0.17,0.08,0.95,60.97,22.5,34.4,0.5,1.0,0.5,1.25,0.5,2.0,0.75,1.0,0.75,1.5,1.0,0.75,0.0,0.02,0.14,0.95,168.9,-2.1,2.2
1.72,1.5,0.0,1.25,0.5,0.0,0.0,0.0,0.25,0.0,0.25,0.75,0.0,0.0,-0.17,0.08,0.95,64.13,24.1,36.6,0.75,1.0,0.5,1.25,0.25,2.0,0.25,1.0,0.75,1.5,1.5,0.75,0.25,0.02,0.14,0.95,169.9,-2.3,-3.4
1.74,1.5,0.0,1.0,0.5,0.0,0.0,0.0,0.25,0.0,0.25,0.75,0.0,0.0,-0.17,0.08,0.95,65.93,23.2,35.1,0.5,0.75,0.25,1.25,0.25,2.0,0.5,1.0,0.75,1.25,1.5,0.75,0.25,0.02,0.14,0.95,165.85,-1.2,-7.6
1.76,1.0,0.0,1.0,0.5,0.0,0.0,0.0,0.5,0.0,0.25,0.75,0.0,0.0,-0.17,0.08,0.95,66.39,19.3,23.0,0.5,0.75,0.25,1.25,0.5,2.0,0.5,1.0,0.75,1.5,1.5,0.75,0.25,0.02,0.14,0.95,164.89,-0.7,-7.5
1.78,1.25,0.0,1.0,0.5,0.0,0.0,0.0,0.25,0.0,0.25,0.75,0.0,0.0,-0.17,0.08,0.95,66.03,22.5,31.4,0.0,0.75,0.25,1.25,0.25,2.0,0.5,1.0,0.75,1.5,1.5,0.75,0.25,0.02,0.14,0.95,159.0,0.6,-13.9
1.8,1.5,0.0,1.25,0.5,0.0,0.0,0.0,0.25,0.0,0.25,0.75,0.0,0.0,-0.17,0.08,0.95,68.0,24.1,36.6,0.75,1.0,0.5,0.5,0.25,2.25,0.5,1.0,0.75,1.5,1.75,0.75,0.25,0.02,0.14,0.95,160.01,-1.2,-8.0
1.82,1.25,0.0,1.0,0.5,0.0,0.0,0.0,0.25,0.0,0.25,0.75,0.0,0.0,-0.17,0.08,0.95,67.49,22.5,31.4,0.5,0.75,0.5,0.5,0.5,0.5,0.25,1.0,0.5,1.0,1.5,0.75,0.25,0.02,0.14,0.95,146.92,-4.5,-14.1
1.84,1.0,0.0,1.25,0.5,0.0,0.0,0.0,0.5,0.0,0.25,0.75,0.0,0.0,-0.17,0.08,0.95,68.74,20.4,25.3,0.5,1.0,0.5,1.25,0.5,2.0,0.5,1.0,0.75,1.0,1.5,0.75,0.25,0.02,0.08,0.95,150.46,-2.6,-0.5
1.86,0.75,0.0,1.25,0.5,0.0,0.0,0.0,0.25,0.0,0.25,0.75,0.0,0.0,-0.17,0.08,0.95,66.45,22.0,25.1,0.5,1.0,0.0,1.25,0.25,2.0,0.25,1.0,0.75,0.0,1.5,0.75,0.25,0.02,0.14,0.95,143.0,-2.4,2.1
1.88,0.75,0.0,1.25,0.5,0.0,0.0,0.0,0.25,0.0,0.25,0.5,0.0,0.0,-0.17,0.08,0.95,63.47,22.8,32.1,0.25,0.75,0.25,1.0,0.25,2.0,0.25,1.0,0.75,1.0,1.25,0.75,0.25,0.02,0.08,0.95,142.02,0.1,-8.9
1.9,0.75,0.0,1.5,0.5,0.0,0.0,0.0,0.0,0.0,0.25,0.5,0.0,0.0,-0.17,0.08,0.95,60.3,26.8,39.3,0.5,0.75,0.0,0.5,0.25,0.75,0.25,1.0,0.5,0.75,1.25,0.75,0.25,0.08,0.14,0.95,127.15,-2.1,-16.4
1.92,0.75,0.0,1.5,0.5,0.0,0.0,0.0,0.0,0.0,0.25,0.75,0.0,0.0,-0.17,0.08,0.95,59.82,25.7,31.8,0.5,0.75,0.25,0.5,0.25,1.5,0.25,1.0,0.75,0.75,1.5,0.75,0.25,0.02,0.14,1.02,123.74,-1.6,-12.3
1.94,0.0,0.0,1.25,0.25,0.0,0.0,0.0,0.0,0.0,0.25,0.5,0.0,0.0,-0.17,0.08,0.95,51.23,24.1,16.7,0.25,0.75,0.0,1.25,0.25,1.25,0.25,1.0,0.75,0.0,1.0,1.0,0.25,0.02,0.14,0.95,115.68,-3.0,-5.5
1.96,0.0,0.0,1.25,0.5,0.0,0.0,0.0,0.25,0.0,0.25,0.25,0.0,0.25,-0.17,0.08,0.95,46.13,17.5,11.9,0.0,1.0,0.25,0.25,0.0,1.25,0.25,1.0,0.5,1.0,0.75,0.75,0.25,-0.05,0.14,0.89,108.97,1.5,-17.2
1.98,0.0,0.0,1.0,0.5,0.0,0.0,0.0,0.0,0.0,0.25,0.5,0.0,0.0,-0.17,0.08,0.95,39.44,21.7,16.4,0.25,0.75,0.25,0.75,0.25,0.75,0.25,1.0,0.5,1.0,0.75,0.75,0.25,0.02,0.2,0.89,105.04,-1.6,-12.8
2.0,0.0,0.0,1.0,0.5,0.0,0.0,0.0,0.0,0.0,0.25,0.25,0.0,0.0,-0.17,0.14,0.95,34.69,23.0,27.3,0.5,0.75,0.25,0.25,0.0,1.0,0.25,1.0,0.25,0.75,1.0,0.5,0.25,0.02,0.2,0.89,98.48,-1.3,-11.0
2.02,0.0,0.0,1.25,0.5,0.0,0.0,0.0,0.0,0.0,0.25,0.25,0.0,0.0,-0.17,0.2,0.95,31.99,24.7,31.1,0.25,0.75,0.0,1.0,0.25,1.75,0.25,1.0,0.5,0.25,0.75,0.75,0.25,0.02,0.27,0.89,100.2,0.3,-0.8
2.04,0.0,0.0,1.5,0.5,0.0,0.0,0.0,0.0,0.0,0.25,0.0,0.0,0.0,-0.17,0.2,0.95,32.3,27.7,45.5,0.5,0.75,0.25,0.75,0.25,0.75,0.25,0.75,0.25,0.75,1.0,0.75,0.25,0.02,0.27,0.89,99.49,-3.9,-7.3
2.06,0.0,0.0,1.25,0.25,0.0,0.0,0.0,0.0,0.0,0.25,0.0,0.0,0.0,-0.23,0.27,0.95,30.48,27.7,41.5,0.25,0.75,0.25,0.0,0.0,1.0,0.25,0.75,0.25,1.5,0.75,0.75,0.25,0.02,0.27,0.89,98.9,1.8,-25.3
2.08,0.0,0.0,0.25,0.5,0.0,0.0,0.0,0.0,0.0,0.25,0.0,0.0,0.0,-0.36,0.33,0.95,23.81,14.4,26.3,0.5,0.75,0.0,0.25,0.25,1.5,0.25,0.75,0.5,0.5,1.0,0.75,0.25,0.02,0.2,0.95,97.2,0.0,-9.1
2.1,0.0,0.0,1.0,0.75,0.0,0.0,0.25,0.0,0.0,0.25,0.5,0.0,0.0,-0.36,0.39,0.89,27.63,21.7,21.0,0.25,0.0,0.25,0.0,0.25,0.0,0.25,0.75,0.0,0.0,1.0,0.0,0.25,-0.05,0.2,0.95,78.05,-5.3,-25.4
2.12,0.0,0.0,0.25,0.5,0.0,0.0,0.0,0.0,0.0,0.25,0.25,0.0,0.0,-0.3,0.39,0.83,23.46,13.7,6.9,0.5,0.75,0.5,0.5,0.0,1.25,0.5,0.75,0.5,0.0,1.25,0.0,0.25,0.02,0.08,0.95,79.43,-6.0,9.8
2.14,0.0,0.0,1.25,0.5,0.0,0.0,0.0,0.0,0.0,0.25,0.25,0.0,0.0,-0.36,0.39,0.83,28.2,24.7,31.1,0.25,0.75,0.5,0.5,0.25,1.0,0.5,0.75,0.25,1.0,0.75,0.75,0.25,0.08,0.02,0.95,84.54,-2.4,-8.8
2.16,0.0,0.0,1.25,0.5,0.0,0.0,0.0,0.0,0.0,0.25,0.25,0.0,0.0,-0.3,0.33,0.83,31.07,24.7,31.1,0.5,0.75,0.5,0.5,0.25,1.0,0.5,0.5,0.5,0.0,0.75,0.75,0.25,0.08,-0.11,0.95,92.41,-7.5,5.3
2.18,0.0,0.0,1.25,0.5,0.0,0.0,0.0,0.0,0.0,0.25,0.25,0.0,0.0,-0.23,0.27,0.83,36.36,24.7,31.1,0.5,0.75,0.5,0.75,0.25,1.0,0.5,0.5,0.75,0.75,0.75,0.5,0.25,-0.05,0.08,0.95,102.05,-5.6,1.4
2.2,0.0,0.0,1.25,0.5,0.0,0.0,0.0,0.0,0.0,0.25,0.25,0.0,0.0,-0.23,0.2,0.83,37.19,24.7,31.1,0.5,0.75,0.5,0.5,0.25,1.75,0.5,0.5,0.25,0.75,0.75,0.0,0.25,-0.05,0.14,0.95,107.98,-1.5,13.5
2.22,0.0,0.0,1.25,0.5,0.0,0.0,0.0,0.0,0.0,0.25,0.25,0.0,0.0,0.02,0.02,0.89,39.14,24.7,31.1,0.5,0.75,0.5,0.75,0.25,1.5,0.25,1.0,0.25,1.5,1.5,0.75,0.25,-0.05,0.14,1.08,121.02,-1.1,-12.0
2.24,0.0,0.0,1.25,0.5,0.0,0.0,0.0,0.0,0.0,0.25,0.0,0.0,0.0,0.2,-0.17,0.89,38.44,26.3,43.6,1.0,0.75,0.5,0.75,0.25,1.0,0.5,1.0,0.5,0.5,1.5,0.75,0.25,0.02,0.14,0.95,129.08,-6.8,-1.8
2.26,0.0,0.0,1.0,0.75,0.0,0.0,0.0,0.0,0.0,0.25,0.0,0.0,0.0,-0.11,-0.48,0.83,37.29,23.7,43.2,0.0,0.0,0.0,0.25,0.25,1.0,0.75,0.0,0.25,1.0,0.0,0.75,0.0,0.02,0.14,0.95,111.76,3.2,-24.5
2.28,0.0,0.0,0.25,0.5,0.0,0.0,0.0,0.0,0.0,0.25,0.0,0.0,0.25,-0.36,-0.36,0.95,31.79,8.8,-0.8,0.75,0.75,0.5,1.0,0.5,1.5,0.25,1.0,0.5,1.5,1.75,0.75,0.25,0.02,0.14,0.95,126.17,-2.6,-8.2
2.3,0.0,0.0,1.25,0.5,0.0,0.0,0.0,0.0,0.0,0.25,0.0,0.0,0.0,-0.17,0.14,1.02,32.14,26.3,43.6,0.5,0.75,0.25,1.0,0.25,1.0,0.5,1.0,0.25,0.5,2.0,0.75,0.5,0.02,0.14,0.95,128.85,-4.2,-13.1
2.32,0.0,0.0,1.25,0.5,0.0,0.0,0.0,0.0,0.0,0.25,0.0,0.0,0.0,-0.17,0.14,0.95,32.11,26.3,43.6,0.75,1.0,0.5,1.25,0.25,1.0,0.5,1.0,0.25,2.75,2.0,0.75,0.5,0.02,0.14,0.95,152.9,-2.3,-17.0
2.34,0.0,0.0,1.25,0.5,0.0,0.0,0.0,0.0,0.0,0.25,0.0,0.0,0.0,-0.11,0.08,0.95,33.14,26.3,43.6,0.25,0.75,0.25,1.0,0.25,1.5,0.25,1.0,0.25,3.5,2.5,1.0,0.75,0.02,0.08,0.95,171.76,2.1,-34.1
2.36,0.0,0.0,1.0,0.5,0.0,0.0,0.0,0.0,0.0,0.75,0.0,0.0,0.0,-0.11,0.08,0.95,35.57,15.9,15.8,0.5,0.75,0.25,1.25,0.25,2.0,0.5,1.25,1.0,3.5,3.0,1.5,1.25,0.02,0.08,0.95,202.38,0.8,-34.5
2.38,0.0,0.0,1.0,0.5,0.0,0.0,0.0,0.25,0.25,1.0,1.0,0.5,0.0,-0.17,0.08,0.89,47.11,10.2,-28.6,0.5,0.0,0.5,0.0,0.5,2.25,0.75,1.5,0.75,3.5,4.0,1.0,1.25,0.02,0.08,0.95,221.03,2.5,-44.1
2.4,0.0,0.0,1.25,0.5,0.0,0.0,0.0,0.0,0.25,1.75,0.5,0.75,1.0,-0.17,0.08,0.95,66.98,5.2,-43.5,0.5,1.0,0.0,0.0,0.0,0.25,1.0,2.5,0.5,4.5,4.5,1.5,1.0,0.02,0.08,0.95,240.25,1.2,-53.8
2.42,0.0,0.0,1.25,1.0,0.0,0.0,0.0,0.25,0.5,2.0,2.25,1.0,1.25,-0.17,0.08,0.95,102.99,5.4,-47.7,1.25,0.75,0.5,1.25,0.25,2.0,1.25,2.5,0.25,5.75,5.25,2.25,2.25,0.02,0.08,0.95,278.19,0.7,-41.7
2.44,0.0,0.0,0.75,0.5,0.0,0.0,0.0,1.5,0.75,3.0,2.5,2.0,1.25,-0.17,0.08,0.95,147.17,0.1,-63.6,1.25,1.0,0.5,1.25,0.5,2.0,1.25,2.5,0.25,5.5,6.0,2.5,2.25,0.02,0.08,0.95,315.53,0.0,-40.5
2.46,0.0,0.0,1.0,0.0,0.0,0.0,0.0,2.0,2.5,2.5,3.0,2.75,2.5,-0.17,0.08,0.95,200.22,1.0,-67.9,1.25,0.75,0.5,1.25,0.5,1.75,1.25,2.5,0.75,6.0,6.0,3.0,2.25,0.02,0.08,0.95,356.66,-0.1,-44.4
2.48,0.0,0.0,0.75,0.5,0.0,0.0,3.25,4.5,2.75,4.25,4.0,3.5,1.25,-0.17,0.08,0.95,262.41,1.5,-56.4,1.25,1.0,0.5,1.25,1.0,2.0,1.5,2.5,1.0,5.75,6.0,3.0,2.5,0.02,0.14,0.95,387.75,-0.2,-40.4
2.5,0.0,0.0,0.25,0.5,0.0,0.0,0.0,2.5,0.75,4.5,3.75,3.0,2.75,-0.17,0.08,0.95,290.49,-3.2,-74.1,1.5,1.0,0.0,0.0,0.25,0.75,1.25,2.5,0.75,5.0,6.0,2.0,2.5,0.02,0.08,0.95,383.16,0.0,-50.6
2.52,0.0,0.0,0.0,0.5,0.0,0.0,0.0,2.25,1.0,5.0,4.25,3.0,3.25,-0.17,0.08,0.95,313.38,-3.6,-77.0,0.0,0.25,0.0,0.0,0.0,0.0,1.25,1.0,0.75,6.0,6.0,2.25,3.0,0.02,0.08,0.95,355.43,1.9,-76.1
2.54,0.5,0.0,0.0,0.5,0.0,0.0,0.0,3.0,0.75,5.0,4.75,3.0,3.75,-0.17,0.08,0.95,327.38,-3.3,-73.0,0.5,1.0,0.0,1.25,0.0,1.75,1.25,1.0,1.0,6.25,5.0,3.0,3.0,0.02,0.08,0.95,345.35,1.3,-53.0
2.56,0.0,0.0,0.0,0.5,0.0,0.0,0.0,2.75,0.75,5.0,5.5,3.5,3.75,-0.17,0.08,0.95,341.89,-3.2,-78.0,0.5,0.75,0.5,1.25,0.5,2.5,1.25,1.5,1.0,6.0,6.0,3.25,3.25,0.02,0.08,0.95,353.54,1.0,-49.2
2.58,0.0,0.0,0.25,1.25,0.0,0.0,0.0,2.75,0.75,5.0,5.5,3.25,3.75,-0.17,0.08,0.95,351.07,-2.2,-71.3,0.75,0.75,0.5,1.0,0.25,2.0,1.25,2.25,0.75,6.5,6.25,3.5,3.25,0.02,0.08,0.95,370.83,1.1,-52.5
2.6,0.0,0.0,0.75,0.5,0.0,0.0,0.0,2.25,0.75,5.0,5.25,3.0,3.75,-0.17,0.08,0.95,351.24,-1.8,-73.1,0.5,1.0,0.5,1.25,0.5,2.0,1.25,2.25,0.75,6.0,6.5,3.5,3.25,0.02,0.08,0.95,386.17,0.8,-50.0
2.62,0.0,0.0,0.5,0.5,0.0,0.0,0.0,2.0,0.75,4.5,5.25,3.0,3.75,-0.17,0.08,0.95,339.82,-1.8,-75.2,0.5,0.75,0.5,1.25,0.25,1.25,1.0,2.5,0.75,6.5,6.5,3.25,3.75,0.02,0.08,0.95,394.98,1.2,-55.8
2.64,0.0,0.0,0.5,0.5,0.0,0.0,0.0,2.0,0.75,4.5,4.75,3.0,3.75,-0.17,0.08,0.95,321.27,-2.1,-75.2,0.25,1.0,0.5,1.25,0.5,1.75,1.0,2.5,0.75,6.75,6.5,3.25,4.0,0.02,0.08,0.95,398.96,2.0,-53.8
2.66,0.0,0.0,0.75,0.5,0.0,0.0,0.0,2.0,0.5,3.75,4.75,3.0,3.75,-0.17,0.08,0.95,300.54,-1.2,-73.8,0.25,1.0,0.5,1.25,0.25,2.0,1.25,2.5,0.75,7.0,6.75,3.75,4.0,0.02,0.08,0.95,405.42,1.8,-55.1
2.68,0.0,0.0,0.0,0.5,0.0,0.0,0.0,2.0,0.5,3.75,4.0,3.0,3.75,-0.17,0.08,0.95,283.07,-3.5,-79.7,0.5,1.0,0.5,1.25,0.5,2.0,1.0,2.5,1.25,7.0,6.75,3.5,4.0,0.02,0.08,0.95,420.06,1.6,-52.6
2.7,0.0,0.0,1.0,0.5,0.0,0.0,0.0,2.0,0.5,3.5,0.0,2.0,3.0,-0.17,0.08,0.89,246.54,-4.6,-65.4,0.25,1.0,0.25,1.25,0.25,1.75,0.75,2.5,1.25,7.25,6.75,4.0,4.5,0.02,0.08,0.95,435.48,2.3,-58.6
2.72,0.0,0.0,1.0,0.5,0.0,0.0,0.0,1.5,0.0,0.0,0.0,0.0,2.5,-0.17,0.08,0.95,180.47,-2.1,-44.0,0.25,0.75,0.25,1.25,0.5,1.5,0.75,2.5,1.0,7.25,7.25,4.0,4.75,0.02,0.08,0.95,449.37,2.2,-60.4
2.74,0.0,0.0,0.0,1.0,0.0,0.0,0.0,0.0,0.0,1.75,0.0,0.75,0.0,-0.11,0.08,0.95,110.01,-0.8,-43.2,0.25,0.75,0.25,1.25,0.5,1.75,1.0,2.5,1.25,7.5,7.25,4.25,4.75,0.02,0.08,0.95,465.99,2.2,-59.7
2.76,0.0,0.25,0.5,1.0,0.0,0.0,0.5,2.0,0.0,1.75,0.0,0.25,0.0,-0.17,0.08,0.95,60.17,-1.6,-18.6,0.5,1.0,0.5,1.25,1.0,2.0,1.0,2.75,1.25,7.75,7.25,4.25,4.75,0.02,0.08,0.95,481.8,1.9,-54.0
2.78,0.0,0.0,0.0,0.0,0.0,0.0,0.5,1.75,1.0,0.75,0.5,0.0,0.0,-0.17,0.08,1.02,26.52,-3.8,-45.7,0.5,1.0,0.25,1.25,0.5,2.0,1.0,3.0,1.25,8.0,7.5,4.0,4.75,0.02,0.08,0.95,490.58,2.3,-56.5
2.8,0.0,0.5,0.0,2.0,0.0,0.0,0.0,0.0,0.0,0.75,0.0,0.0,0.0,-0.17,0.14,1.08,11.31,9.1,34.4,0.0,0.0,0.5,0.0,0.5,1.25,1.25,3.75,1.0,7.0,7.75,3.75,4.75,0.02,0.14,0.95,480.85,3.3,-68.5
2.82,0.0,0.75,1.0,2.5,0.0,0.0,1.0,0.5,0.0,0.25,0.0,0.0,0.0,-0.17,0.08,1.2,18.96,17.2,47.0,1.25,1.75,0.5,1.25,1.25,2.5,1.25,4.0,1.25,8.25,7.75,4.25,4.75,0.02,0.08,0.95,508.01,1.6,-46.2
2.84,0.0,0.0,1.0,2.5,0.0,0.0,0.75,0.0,0.0,0.25,0.25,0.0,0.0,-0.3,0.2,1.27,23.73,21.0,41.5,0.25,1.0,0.5,1.25,1.0,1.75,1.25,4.0,1.25,8.25,8.0,4.5,4.75,0.02,0.08,0.95,523.71,2.2,-55.8
2.86,0.0,0.25,1.0,1.0,0.0,0.0,0.5,0.0,0.0,0.25,0.0,0.0,0.0,-0.3,0.27,1.33,20.23,22.8,48.3,0.0,0.25,0.5,0.0,1.25,1.75,1.25,4.0,1.0,7.25,8.0,4.5,4.75,0.02,0.08,0.95,525.82,3.3,-63.5
2.88,0.0,0.0,1.5,0.5,0.0,0.0,0.5,0.0,0.0,0.0,0.5,0.0,0.0,-0.36,0.27,1.27,16.97,29.0,33.8,1.0,1.25,0.5,1.25,1.0,2.0,1.25,4.0,1.25,8.5,8.25,4.75,5.25,0.02,0.08,0.95,544.5,1.7,-52.8
2.9,0.0,0.0,1.0,1.25,0.0,0.0,0.0,0.0,0.0,0.0,0.0,0.0,0.25,-0.23,0.33,1.39,17.06,22.5,42.4,0.5,1.0,0.5,1.25,1.0,2.0,1.25,4.0,1.5,8.5,8.25,5.0,5.25,0.02,0.08,0.95,561.45,2.0,-55.9
2.92,0.0,0.0,0.0,0.25,0.0,0.0,0.0,0.0,0.0,0.25,0.25,0.0,0.0,-0.17,0.02,1.2,9.55,4.2,-29.1,0.5,1.0,0.5,1.25,1.0,2.0,1.25,4.0,1.5,9.0,8.25,5.0,5.75,0.02,0.08,0.95,583.46,2.4,-56.8
2.94,0.0,0.0,0.5,0.5,0.0,0.0,0.0,0.0,0.0,0.25,0.5,0.0,0.0,-0.17,-0.55,0.83,14.21,16.9,3.5,0.75,1.25,0.5,1.25,1.25,2.0,1.25,4.0,1.5,9.0,8.5,5.0,6.0,0.02,0.08,0.95,604.03,2.1,-54.7
2.96,0.0,0.0,1.0,0.5,0.0,0.0,0.0,0.0,0.0,0.0,0.5,0.0,0.0,-0.48,-0.73,0.83,19.92,26.3,27.7,1.25,1.0,0.5,1.25,0.5,2.0,1.25,4.75,1.5,9.0,8.75,5.5,6.25,0.02,0.08,0.95,630.39,1.8,-56.9
2.98,0.0,0.0,1.25,0.5,0.0,0.0,0.0,0.0,0.0,0.0,0.0,0.0,0.0,-0.61,-0.92,0.89,21.59,32.1,60.1,0.75,1.25,0.0,0.75,1.0,2.0,1.25,5.25,1.5,9.25,8.75,5.75,6.5,0.02,0.08,0.95,649.99,3.1,-59.5
3.0,0.0,0.0,1.0,0.5,0.0,0.0,0.0,0.0,0.0,0.0,0.0,0.0,0.0,-0.36,-0.86,0.77,19.72,31.1,59.9,0.75,1.0,0.5,1.25,1.25,1.75,1.25,5.25,1.75,9.5,8.75,5.75,6.5,0.02,0.08,0.95,671.94,2.4,-57.4
3.02,0.0,0.0,1.0,0.5,0.0,0.0,0.0,0.0,0.0,0.0,0.0,0.0,0.0,-0.3,-0.8,0.77,21.35,31.1,59.9,1.0,1.25,0.5,1.25,1.25,2.25,1.5,5.25,1.5,9.25,9.0,5.75,6.5,0.02,0.08,0.95,691.85,2.2,-54.6
3.04,0.0,0.0,1.0,0.5,0.0,0.0,0.0,0.0,0.0,0.0,0.0,0.0,0.0,-0.23,-0.73,0.95,20.4,31.1,59.9,1.25,1.0,0.5,1.25,1.5,2.0,1.75,5.25,1.5,9.25,9.0,5.5,6.5,0.02,0.08,0.95,702.0,1.9,-54.0
3.06,0.0,0.0,1.0,0.75,0.0,0.0,0.0,0.0,0.0,0.0,0.0,0.0,0.0,-0.17,-0.55,1.2,20.97,29.1,59.6,1.0,1.5,0.5,1.25,1.75,2.75,1.75,5.25,1.5,9.25,8.75,5.5,6.5,0.02,0.08,0.95,705.46,2.4,-50.9
3.08,0.0,0.0,0.5,0.5,0.0,0.0,0.0,0.0,0.0,0.0,0.0,0.0,0.0,-0.17,-0.3,1.33,20.79,27.6,59.4,1.25,1.5,0.5,1.25,2.25,3.25,1.75,5.25,1.5,9.25,8.75,5.75,6.5,0.08,0.08,0.95,719.47,2.3,-48.4
3.1,0.0,0.0,1.0,0.5,0.0,0.0,0.0,0.0,0.0,0.0,0.0,0.0,0.0,-0.17,-0.11,1.33,23.42,31.1,59.9,1.25,1.5,0.5,1.25,2.5,3.5,2.25,5.25,1.75,9.0,8.75,5.5,6.25,0.08,0.08,0.95,728.14,2.1,-46.2
3.12,0.0,0.0,1.0,0.5,0.0,0.0,0.0,0.0,0.0,0.0,0.0,0.0,0.0,-0.11,0.2,1.33,23.88,31.1,59.9,1.25,1.5,1.25,1.75,3.0,4.25,3.5,5.25,1.75,8.5,8.5,4.75,6.0,0.08,0.08,0.95,731.59,1.2,-38.5
3.14,0.0,0.0,1.0,0.5,0.0,0.0,0.0,0.0,0.0,0.0,0.0,0.0,0.0,-0.17,0.33,1.33,25.89,31.1,59.9,1.5,1.75,2.0,3.0,4.25,4.25,5.0,5.25,2.0,8.0,8.25,4.25,5.5,0.08,0.08,0.95,746.21,-0.5,-28.0
3.16,0.0,0.0,1.0,0.5,0.0,0.0,0.0,0.0,0.0,0.0,0.0,0.0,0.0,-0.17,0.45,1.33,27.28,31.1,59.9,2.5,1.5,3.5,4.0,4.25,4.25,6.5,5.25,1.5,6.5,7.5,3.75,4.5,0.08,0.08,0.95,759.66,-3.4,-16.9
3.18,0.0,0.0,1.0,0.5,0.0,0.0,0.0,0.0,0.0,0.0,0.0,0.0,0.0,-0.11,0.52,1.33,26.89,31.1,59.9,2.75,1.75,3.25,5.75,4.25,5.75,7.0,4.5,1.5,5.75,5.0,2.75,2.75,0.08,0.08,0.95,757.93,-4.0,-2.4
3.2,0.0,0.0,1.25,0.5,0.0,0.0,0.0,0.0,0.0,0.0,0.0,0.0,0.0,-0.11,0.64,1.2,28.42,32.1,60.1,3.0,1.75,7.0,7.25,6.5,6.0,8.25,4.0,1.25,3.75,4.25,1.25,2.25,0.08,0.14,0.95,787.29,-7.7,15.9
3.22,0.0,0.0,1.0,0.5,0.0,0.0,0.0,0.0,0.0,0.0,0.0,0.0,0.0,0.02,0.83,0.95,28.58,31.1,59.9,5.25,1.75,8.0,8.0,7.5,6.0,8.75,3.5,1.0,3.0,2.5,1.0,1.25,0.14,0.14,1.02,825.88,-10.2,29.3
3.24,0.0,0.0,1.0,0.5,0.0,0.0,0.0,0.0,0.0,0.0,0.0,0.0,0.0,0.14,1.08,0.77,28.87,31.1,59.9,5.75,1.75,8.75,9.5,8.25,6.0,9.25,2.5,0.75,1.5,3.0,0.75,1.25,0.08,0.14,1.2,877.96,-12.1,35.5
3.26,0.0,0.0,1.25,0.5,0.0,0.0,0.0,0.0,0.0,0.0,0.0,0.0,0.0,0.2,1.2,0.64,29.81,32.1,60.1,6.75,1.75,9.5,9.5,8.25,4.5,9.5,2.5,0.75,1.75,2.0,0.75,1.25,0.02,0.14,1.14,915.29,-13.7,38.4
3.28,0.0,0.0,1.5,0.5,0.0,0.0,0.0,0.0,0.0,0.0,0.0,0.0,0.0,0.2,1.27,0.58,32.54,32.9,60.2,6.25,1.75,10.0,9.5,7.0,1.5,9.0,0.75,0.25,0.0,1.75,0.0,0.25,0.02,0.2,1.08,868.2,-19.6,52.8
3.3,0.0,0.0,1.25,0.5,0.0,0.0,0.0,0.0,0.0,0.25,0.25,0.0,0.0,-0.17,2.02,0.14,35.84,24.7,31.1,6.25,0.75,9.0,7.75,6.5,0.0,8.5,0.75,0.25,0.25,1.0,0.0,0.25,0.08,0.27,1.52,760.38,-21.2,53.5
3.32,0.0,0.0,0.5,0.5,0.0,0.0,0.0,0.0,0.0,0.0,0.5,0.75,0.75,-0.05,1.58,0.52,42.47,9.8,-46.5,5.75,0.75,8.75,5.5,2.25,0.0,8.25,0.0,0.0,0.25,0.75,0.0,0.25,0.14,0.39,1.64,596.83,-26.5,56.8
3.34,0.0,0.0,0.0,0.5,0.0,0.0,0.0,0.0,0.0,2.25,1.25,2.0,1.25,-1.17,0.14,1.58,73.3,-1.8,-81.3,5.5,0.75,7.0,3.25,0.0,0.0,7.5,0.0,0.0,0.0,0.75,0.0,0.0,0.27,0.64,2.2,429.12,-31.1,60.4
3.36,0.0,0.0,0.0,0.25,0.0,0.0,0.0,0.0,0.0,2.75,1.75,1.75,2.75,-0.23,0.2,1.7,112.56,-4.7,-88.6,2.75,0.0,4.5,1.25,0.0,0.0,6.75,0.0,0.0,0.0,0.75,0.0,0.0,0.27,0.7,2.08,284.25,-32.2,51.6
3.38,0.0,0.0,0.0,0.5,0.0,0.0,0.0,0.0,0.5,4.75,2.25,2.25,3.25,-0.11,0.08,1.02,166.94,-4.5,-83.1,0.5,0.0,2.0,0.5,0.0,0.0,5.0,0.0,0.0,0.0,0.75,0.0,0.0,0.14,0.52,2.45,162.98,-30.7,34.4
3.4,0.0,0.0,0.0,0.0,0.0,0.0,0.0,2.0,2.5,0.0,4.75,3.0,4.5,-0.23,0.08,1.08,219.39,0.5,-81.3,0.0,0.0,0.5,0.0,0.0,0.0,2.5,0.0,0.0,0.0,0.75,0.0,0.0,0.33,0.02,1.7,35.82,-27.2,3.8
3.42,0.0,0.0,0.75,0.0,0.0,0.0,0.0,4.25,0.0,5.5,4.75,3.25,3.75,-0.17,0.14,1.02,277.54,-4.6,-74.7,0.0,0.0,0.0,0.0,0.0,0.0,0.0,0.0,0.0,0.0,0.5,0.0,0.0,0.45,-0.23,0.83,0.0,-10.7,-75.5
3.44,0.0,0.0,0.0,0.5,0.0,0.0,0.0,0.0,0.5,6.25,0.0,2.0,0.0,-0.17,0.08,1.02,264.73,-7.0,-73.3,0.0,0.0,0.5,0.0,0.0,0.0,0.75,0.0,0.0,0.0,0.75,0.0,0.0,0.83,-1.05,0.58,0.0,-24.4,-8.4
3.46,0.0,0.25,0.0,1.5,0.0,0.0,0.0,4.0,1.0,6.25,5.75,3.0,4.25,-0.11,0.08,0.95,309.96,-3.7,-68.3,0.0,0.0,0.0,0.0,0.0,0.0,0.75,0.0,0.0,0.0,0.5,0.0,0.0,0.52,-0.42,1.2,0.0,-20.0,-31.6
3.48,0.0,0.0,0.0,0.75,0.0,0.0,0.0,4.75,0.5,7.0,6.25,3.0,5.0,-0.17,0.08,0.95,352.21,-5.4,-74.8,0.0,0.0,0.0,0.0,0.0,0.0,0.25,0.0,0.0,1.5,0.5,0.0,0.0,0.08,-0.48,0.7,0.0,6.8,-69.6
3.5,0.0,0.0,0.75,1.0,0.0,0.0,0.0,4.75,0.0,6.75,5.75,3.0,5.0,-0.17,0.08,0.95,403.4,-4.5,-70.3,0.0,0.0,0.75,0.0,0.25,0.0,0.0,1.0,0.0,0.0,1.0,0.0,0.25,0.27,-0.3,0.39,0.0,-5.7,-23.5
3.52,0.0,0.0,1.0,0.5,0.0,0.0,0.0,5.0,0.5,6.25,5.75,3.0,5.0,-0.17,0.08,0.95,430.59,-4.1,-70.5,0.0,0.0,0.0,0.0,0.0,0.0,0.0,0.0,0.0,0.0,0.25,0.0,0.0,0.33,-0.3,0.39,0.0,-10.7,-75.5
3.54,0.0,0.25,0.0,0.5,0.0,0.0,0.0,5.25,0.5,6.0,5.25,2.0,4.5,-0.17,0.08,0.95,430.77,-6.3,-71.4,0.0,0.0,0.0,0.0,0.0,0.0,0.0,0.0,0.0,0.0,0.0,0.0,0.0,-0.05,-0.23,0.95,0.0,0.0,0.0
3.56,0.0,0.0,0.0,0.5,0.0,0.0,0.0,5.25,0.75,5.75,4.5,2.0,3.75,-0.17,0.08,0.95,397.33,-6.6,-71.5,0.0,0.0,0.0,0.0,0.0,0.0,0.0,0.0,0.0,0.0,0.25,0.0,0.0,-0.11,-0.17,0.95,0.0,-10.7,-75.5
3.58,0.0,0.0,0.0,1.0,0.0,1.0,0.0,5.25,0.0,5.0,4.0,2.0,3.25,-0.11,0.08,0.95,359.52,-7.3,-63.7,0.0,0.0,0.0,0.0,0.0,0.0,0.0,0.0,0.0,0.0,0.25,0.0,0.0,-0.11,-0.05,1.08,0.0,-10.7,-75.5
3.6,0.0,0.5,0.0,1.0,0.0,1.5,0.0,5.25,0.0,5.0,3.0,1.5,2.5,-0.11,0.08,0.95,326.0,-8.1,-53.8,0.0,0.0,0.0,0.0,0.0,0.0,0.0,0.0,0.0,0.0,0.25,0.0,0.0,-0.05,0.02,1.2,0.0,-10.7,-75.5
3.62,0.0,0.75,0.25,0.5,0.0,2.25,0.0,5.5,0.0,4.0,3.0,1.0,2.5,-0.11,0.14,0.95,294.94,-8.6,-47.4,0.0,0.0,0.0,0.0,0.0,0.0,0.0,0.0,0.0,0.0,0.0,0.0,0.0,-0.05,0.08,1.39,0.0,0.0,0.0
3.64,0.0,0.75,0.0,1.5,0.0,2.5,0.0,5.5,0.0,3.75,3.0,0.75,1.75,-0.11,0.08,0.95,274.69,-7.9,-38.5,0.0,0.0,0.0,0.0,0.0,0.0,0.0,0.0,0.0,0.0,0.0,0.0,0.0,-0.11,0.14,1.64,0.0,0.0,0.0
3.66,0.0,1.0,0.0,2.25,1.5,3.5,0.0,5.5,0.0,3.5,2.5,0.75,1.5,-0.11,0.14,0.95,269.24,-7.3,-21.1,0.0,0.0,0.0,0.0,0.0,0.0,0.0,0.0,0.0,0.0,0.0,0.25,0.0,-0.11,0.33,1.95,0.0,-8.8,-109.9
3.68,0.0,1.0,0.0,2.5,1.75,4.25,0.25,5.75,0.0,3.5,2.25,0.75,1.25,-0.11,0.14,0.95,275.43,-7.5,-16.0,0.0,0.0,0.0,0.0,0.0,0.0,0.0,0.0,0.0,0.0,0.0,0.0,0.0,-0.05,0.52,2.33,0.0,0.0,0.0
3.7,0.0,1.0,0.0,2.25,3.25,4.75,0.5,5.75,0.25,2.5,2.25,0.75,1.25,-0.11,0.14,0.95,279.5,-7.0,-8.5,0.0,0.0,0.0,0.0,0.0,0.0,0.0,0.0,0.75,1.5,0.0,0.75,0.0,0.02,1.02,2.39,15.03,2.6,-74.9
3.72,0.0,0.25,0.0,2.5,4.75,5.0,0.5,5.75,0.25,2.0,1.5,0.75,1.25,-0.11,0.14,0.95,293.6,-7.6,-3.1,0.0,0.0,0.0,0.0,0.0,0.0,0.0,0.0,0.0,0.0,0.0,0.0,0.0,0.14,1.58,2.14,12.81,0.0,0.0
3.74,0.0,1.0,0.0,3.0,5.5,5.75,0.5,5.5,0.5,1.75,2.0,0.75,1.25,-0.11,0.14,0.95,322.89,-6.2,2.9,0.0,0.0,0.0,0.0,0.0,0.0,0.0,0.0,0.0,0.0,0.0,0.0,0.0,-0.23,2.14,1.39,12.65,0.0,0.0
3.76,0.0,1.0,1.0,4.25,6.25,5.75,1.0,5.5,0.5,1.75,1.5,0.25,1.0,-0.11,0.14,0.95,359.78,-3.7,13.0,0.0,0.0,0.0,0.0,0.0,0.0,0.0,0.0,0.0,0.0,0.0,0.0,0.0,-1.17,2.39,0.89,7.28,0.0,0.0
3.78,2.25,1.25,1.0,4.75,7.0,6.25,1.5,5.0,0.0,1.75,1.25,0.0,1.0,-0.17,0.14,0.95,410.92,-1.0,24.4,0.0,0.0,0.0,0.0,0.0,0.0,0.0,0.0,0.0,0.0,0.0,0.0,0.0,-1.61,2.89,0.27,3.45,0.0,0.0
3.8,3.0,1.25,0.0,6.25,7.5,6.5,2.0,4.75,0.0,1.5,1.0,0.0,0.75,-0.11,0.14,1.02,466.22,-0.4,29.8,0.0,0.0,0.0,0.0,0.0,0.0,0.0,0.0,0.0,0.0,0.0,0.0,0.0,-1.42,3.45,-0.3,0.0,0.0,0.0
3.82,3.75,1.5,0.0,7.5,8.0,6.5,2.5,4.5,0.0,1.0,1.0,0.0,0.5,-0.11,0.14,1.02,522.77,1.5,35.8,0.0,0.0,0.0,0.0,0.0,0.0,0.0,0.0,0.0,1.25,0.5,0.75,0.0,-0.36,-0.11,0.33,15.14,3.1,-85.8
3.84,4.75,1.5,5.25,8.0,7.75,6.75,2.75,3.75,0.0,1.0,0.5,0.0,0.25,-0.11,0.2,1.02,598.9,7.5,44.1,0.0,0.0,0.0,0.0,0.0,0.0,0.25,0.0,0.0,4.5,2.0,2.5,1.25,0.2,-0.11,1.33,76.97,4.0,-86.8
3.86,2.75,1.5,6.25,9.0,0.0,6.5,3.25,3.5,0.25,1.25,0.0,0.0,0.25,-0.17,0.2,1.02,595.8,10.6,40.3,0.0,0.0,0.0,0.0,0.0,0.0,0.0,0.75,0.75,6.25,5.25,3.0,2.75,-0.3,0.58,2.27,172.29,3.1,-83.2
3.88,0.0,1.5,6.75,9.25,0.0,6.5,3.5,2.5,0.0,1.0,0.0,0.0,0.0,-0.17,0.2,1.02,556.67,10.4,41.3,0.0,0.0,0.0,0.0,0.0,0.0,0.25,1.75,0.5,6.75,6.0,2.75,2.25,0.27,0.52,2.2,249.9,3.5,-79.4
3.9,0.0,0.0,7.25,8.25,0.0,0.0,4.5,0.0,0.5,0.0,0.0,0.0,0.0,-0.17,0.27,1.14,436.14,27.2,53.0,0.0,0.0,0.0,0.0,0.0,0.0,0.75,2.5,0.75,7.0,6.75,3.0,2.5,0.08,0.14,0.95,311.16,3.0,-77.0
3.92,6.75,1.0,6.75,9.25,0.0,0.0,4.25,2.0,0.0,0.0,0.0,0.0,0.0,-0.23,0.27,1.33,398.49,24.9,60.0,0.0,0.0,0.0,0.0,0.25,0.0,1.25,3.75,1.0,7.25,7.25,3.0,2.75,0.08,0.14,0.95,368.14,3.2,-72.6
3.94,8.0,1.25,7.25,9.0,0.0,0.0,4.25,1.0,0.0,0.0,0.25,0.0,0.0,-0.3,0.33,1.52,382.53,26.8,64.2,0.0,0.0,0.5,0.75,0.0,2.0,1.5,4.0,1.5,7.5,7.5,3.0,3.0,0.08,0.14,0.95,425.01,3.0,-60.6
3.96,8.25,0.0,7.25,7.0,0.0,0.0,3.75,0.5,0.0,0.0,0.0,0.0,0.0,-0.36,0.39,1.95,376.85,29.4,67.0,1.0,0.75,0.5,1.25,0.25,3.75,2.25,5.25,1.25,7.0,7.5,3.0,2.5,0.08,0.08,0.95,489.2,2.1,-43.1
3.98,8.25,0.0,6.25,4.25,0.0,0.0,3.0,0.5,0.0,0.0,0.0,0.0,0.0,-0.48,0.7,2.58,343.14,30.7,69.3,2.25,1.5,1.75,2.0,1.75,5.75,3.25,5.25,1.5,7.5,7.25,3.25,1.75,0.14,0.08,0.95,575.22,-0.2,-22.9
4.0,7.5,0.0,4.0,2.75,0.0,0.0,1.75,0.5,0.0,0.25,0.5,0.0,0.0,-0.73,0.95,2.52,290.24,29.3,65.4,2.5,1.5,3.5,4.0,4.75,6.0,3.5,6.0,1.25,6.5,7.25,3.0,2.5,0.14,0.08,0.95,695.05,-1.9,-10.5
4.02,5.5,0.0,1.5,0.25,0.0,0.0,0.25,0.0,0.0,0.25,0.0,0.0,0.0,-0.3,0.52,2.77,208.41,33.2,81.5,2.75,1.75,3.25,4.0,5.75,6.5,4.5,6.0,1.5,5.75,6.0,2.25,1.5,0.14,0.08,0.95,787.36,-2.1,-1.5
4.04,0.0,0.0,0.0,0.0,0.0,0.0,0.0,0.0,0.0,0.0,0.0,0.0,0.0,-0.73,-0.36,1.83,92.25,0.0,0.0,3.0,1.75,3.5,4.0,6.5,6.75,4.5,5.75,1.0,4.5,5.0,1.5,0.5,0.14,0.08,0.95,828.34,-2.8,8.7
4.06,0.0,0.0,0.0,0.0,0.0,0.0,0.0,0.0,0.0,0.0,0.0,0.0,0.0,-0.17,-0.67,1.45,0.0,0.0,0.0,3.5,1.75,4.5,5.25,7.0,7.25,5.25,5.25,1.0,3.0,4.0,1.0,0.5,0.14,0.08,0.95,836.41,-4.8,19.2
4.08,0.0,0.0,0.0,1.25,0.0,0.0,0.0,0.0,0.0,0.0,1.0,0.0,0.0,-0.61,-1.48,1.27,0.0,14.4,1.2,2.75,1.0,5.5,4.0,7.75,6.75,4.5,5.25,0.25,1.5,3.0,0.0,0.5,0.14,0.14,0.95,782.6,-4.8,26.4
4.1,0.0,0.0,0.0,0.75,0.0,0.0,0.25,0.0,0.0,0.0,0.0,0.0,0.0,-0.23,-1.17,1.83,0.0,19.2,53.8,2.75,1.0,4.75,5.0,7.25,7.0,4.5,4.0,0.0,1.5,1.75,0.0,0.0,0.08,0.08,0.95,712.72,-5.2,33.9
4.12,0.0,0.0,0.0,0.25,0.0,0.0,0.0,0.0,0.0,0.0,0.0,0.0,0.0,-0.23,-0.55,0.83,0.0,17.2,57.9,2.75,1.0,5.5,5.75,7.25,7.0,4.5,3.75,0.0,0.0,1.5,0.0,0.0,0.08,0.14,0.95,654.98,-7.0,40.5
4.14,0.0,0.0,0.0,0.25,0.0,0.0,0.0,0.0,0.0,0.0,0.0,0.0,0.0,-0.42,-0.3,0.45,0.0,17.2,57.9,3.0,0.75,5.5,6.0,7.5,6.75,4.5,3.0,0.25,0.75,1.0,0.0,0.0,0.08,0.14,0.95,613.55,-7.4,40.9
4.16,0.0,0.0,0.0,0.25,0.0,0.0,0.0,0.0,0.0,0.0,0.0,0.0,0.0,-0.55,-0.17,0.39,0.0,17.2,57.9,3.0,1.0,6.0,6.0,8.0,6.75,4.5,2.5,0.5,0.0,0.75,0.0,0.0,0.08,0.14,0.95,585.54,-8.4,45.4
4.18,0.0,0.0,0.0,0.5,0.0,0.0,0.0,0.0,0.0,0.0,0.75,0.0,0.0,-0.3,-0.17,0.7,0.0,13.4,-19.5,3.0,0.75,6.0,6.25,8.25,6.0,4.0,2.5,0.5,0.0,0.75,0.25,0.0,0.08,0.2,0.89,565.46,-8.8,44.5
4.2,0.0,0.0,0.0,0.5,0.0,0.0,0.0,0.0,0.0,0.0,0.0,0.0,0.0,-0.11,-0.17,1.08,0.0,17.2,57.9,4.0,0.75,6.5,7.25,8.25,6.5,4.5,1.0,0.5,0.0,0.75,0.0,0.0,0.08,0.2,0.89,562.79,-10.8,50.3
4.22,0.0,0.0,0.0,0.25,0.0,0.0,0.0,0.0,0.0,0.0,0.0,0.0,0.0,-0.17,0.02,1.14,0.0,17.2,57.9,4.0,1.0,7.0,7.75,8.25,6.75,4.5,1.0,0.25,0.0,0.75,0.0,0.0,0.02,0.2,0.89,567.77,-11.1,51.3
4.24,0.0,0.0,0.0,0.5,0.0,0.0,0.0,0.0,0.0,0.25,0.75,0.0,0.0,-0.3,0.14,1.14,0.0,8.6,-28.9,4.0,1.0,7.25,8.0,8.0,6.75,4.75,1.0,0.0,0.0,0.5,0.25,0.0,0.02,0.2,0.89,580.27,-11.4,51.6
4.26,0.0,0.0,0.0,0.25,0.0,0.0,0.0,0.0,0.0,0.0,0.75,0.0,0.0,-0.3,0.27,1.33,7.93,12.4,-40.1,4.75,1.0,7.0,8.75,8.75,6.75,4.5,1.0,0.0,0.0,0.5,0.0,0.0,0.02,0.27,0.89,611.14,-11.4,53.5
4.28,0.0,0.0,0.0,0.5,0.0,0.0,0.0,0.0,0.0,0.25,0.0,0.0,0.0,-0.17,0.39,1.7,15.99,6.5,14.7,5.5,1.5,8.0,9.75,10.0,6.75,5.75,1.0,0.0,0.0,0.5,0.75,0.0,0.02,0.27,0.89,678.57,-12.2,52.1
4.3,0.0,0.0,0.5,0.25,0.0,0.0,0.0,0.0,0.0,0.0,0.0,0.0,0.0,-0.23,0.58,2.08,14.91,31.1,59.9,5.75,1.75,8.75,10.5,11.0,6.75,6.5,1.0,0.25,0.0,0.75,0.0,0.0,0.02,0.27,0.95,762.76,-12.6,53.9
4.32,0.0,0.0,1.0,0.25,0.0,0.0,0.0,0.0,0.0,0.0,0.75,0.0,0.0,-0.36,0.77,2.7,20.64,25.6,11.4,6.75,1.75,8.75,11.5,10.0,6.5,6.25,0.5,0.0,0.0,0.25,0.0,0.25,0.02,0.27,0.95,838.08,-13.8,56.7
4.34,0.0,0.0,1.0,0.5,0.0,0.0,0.0,0.0,0.0,0.0,0.5,0.0,0.0,-0.48,1.27,2.89,28.07,26.3,27.7,7.75,2.5,8.75,13.0,9.75,7.0,6.0,0.0,0.75,1.5,2.0,0.75,0.25,0.02,0.33,1.02,937.89,-13.3,48.1
4.36,2.25,0.0,0.75,1.0,0.0,0.0,0.0,0.0,0.0,0.0,0.0,0.0,0.0,-0.42,2.27,1.77,47.1,30.8,79.9,7.75,1.75,9.5,11.5,11.5,6.75,7.0,1.0,0.75,1.25,0.0,0.25,0.0,0.02,0.33,1.08,1000.88,-13.1,52.7
4.38,0.0,0.0,0.75,0.5,0.0,0.0,0.0,0.0,0.0,0.25,0.75,0.0,0.0,0.27,3.02,1.33,50.03,18.7,1.6,8.0,1.75,9.0,11.5,10.0,6.0,7.0,0.0,0.0,0.0,1.5,0.0,0.0,0.02,0.33,1.08,1010.62,-15.2,56.3
4.4,0.0,0.0,0.5,0.5,0.0,0.0,0.0,0.0,0.0,0.25,0.75,0.0,0.0,0.64,3.33,0.33,49.37,16.1,-5.9,8.5,2.5,9.5,11.5,9.25,5.75,6.75,0.0,0.75,1.25,1.0,0.75,0.0,0.02,0.39,1.27,1013.41,-15.2,52.2
4.42,0.0,0.0,0.75,0.5,0.0,0.0,0.0,0.0,0.0,0.25,0.5,0.0,0.0,0.77,3.64,-0.05,43.16,19.6,10.8,8.75,1.75,9.25,8.75,9.25,4.5,7.25,0.0,0.0,0.0,1.25,0.75,0.25,0.14,0.52,1.58,960.26,-16.7,54.7
4.44,2.5,0.0,0.0,0.5,0.0,0.0,0.0,0.0,0.0,0.25,0.25,0.0,0.0,0.52,4.7,0.02,49.19,26.6,66.1,8.25,1.5,7.5,6.0,6.25,2.0,6.75,0.0,0.0,0.0,1.5,0.25,0.25,0.2,0.83,2.14,820.44,-19.8,56.3
4.46,2.75,0.0,0.0,0.5,0.0,0.0,0.0,0.0,0.0,0.25,1.25,1.5,1.25,0.27,0.08,1.33,72.39,14.1,-18.2,7.25,1.25,6.0,4.0,5.0,0.75,5.5,0.0,0.0,0.0,0.0,0.0,0.0,0.45,0.95,2.14,629.28,-22.2,65.8
4.48,2.75,0.0,0.0,0.5,0.0,0.0,0.0,0.0,0.0,3.25,2.0,2.0,2.5,0.02,0.45,2.39,124.35,3.9,-47.6,5.25,0.0,3.5,2.0,2.5,0.25,4.5,0.0,0.0,0.0,1.5,0.0,0.0,0.39,0.89,2.33,416.63,-24.0,53.8
4.5,2.25,0.0,0.0,0.5,0.0,0.0,0.0,0.0,0.0,0.0,0.0,3.0,3.25,-0.48,0.33,1.77,149.54,7.0,-51.3,4.0,0.0,1.75,0.5,0.5,0.0,2.25,0.0,0.0,0.0,0.75,0.0,0.0,0.52,0.45,2.27,250.5,-29.5,60.5
4.52,0.0,0.0,0.0,0.0,0.0,0.0,0.0,2.0,0.5,0.0,0.0,0.0,2.5,-0.23,0.33,1.27,146.62,-12.4,-74.9,1.25,0.0,1.25,1.25,1.25,0.0,1.0,0.0,0.25,0.0,0.0,0.0,0.5,0.64,-0.55,0.95,114.3,-18.5,45.4
4.54,0.0,0.0,0.0,0.0,0.0,0.0,0.0,0.0,0.0,5.75,0.0,1.25,0.0,-0.11,0.2,1.14,139.64,-11.3,-81.6,1.0,0.0,0.5,0.0,0.5,0.0,0.0,0.0,0.0,0.0,0.0,0.0,0.0,0.83,0.08,1.64,0.0,-24.8,75.8
4.56,0.0,0.0,0.0,1.0,0.0,0.0,0.0,3.75,0.0,7.0,5.75,1.5,4.0,-0.17,0.08,0.95,208.94,-6.0,-71.8,1.25,0.0,0.5,0.25,0.0,1.5,0.0,0.0,0.0,1.5,0.0,0.25,0.0,0.58,-1.23,1.45,0.0,-2.2,13.3
4.58,0.0,0.0,0.0,1.75,0.0,0.0,0.25,4.75,0.75,6.5,5.5,2.0,3.5,-0.17,0.08,0.95,275.6,-4.4,-64.7,0.75,0.0,0.5,0.25,0.25,1.25,0.0,0.0,0.0,1.5,0.0,0.0,0.0,0.27,-0.42,1.2,0.0,0.6,12.9
4.6,0.0,0.5,0.0,0.25,0.0,0.25,0.75,4.75,1.0,6.25,5.5,2.0,3.0,-0.11,0.08,0.95,337.09,-4.8,-66.0,2.25,0.75,0.5,1.25,0.0,1.5,0.25,0.0,0.25,1.5,0.0,0.0,0.0,0.27,-0.3,0.39,0.0,-9.5,39.8
4.62,0.0,1.0,0.0,2.5,0.0,1.5,1.0,5.25,1.0,6.0,5.75,2.0,3.75,-0.11,0.08,0.95,394.77,-3.5,-49.4,0.25,0.0,0.25,0.0,0.0,0.0,0.75,0.0,0.0,0.0,0.0,0.0,0.0,0.39,-0.23,0.39,0.0,-34.9,56.9
4.64,0.0,1.0,0.0,2.5,0.0,2.0,1.0,5.25,0.75,5.5,5.5,1.75,2.75,-0.11,0.08,0.95,418.77,-3.6,-44.5,0.25,0.0,1.0,0.0,0.25,0.0,0.0,0.0,0.0,0.0,0.0,0.0,0.0,0.27,-0.23,0.58,0.0,-30.0,65.1
4.66,0.0,1.0,0.0,2.75,0.0,2.5,1.0,4.75,0.75,4.5,4.5,1.25,2.75,-0.11,0.08,0.95,408.01,-3.8,-38.4,0.25,0.0,0.5,0.0,0.5,0.0,0.0,0.0,0.0,0.0,0.0,0.0,0.0,0.08,-0.23,0.95,0.0,-19.5,64.2
4.68,0.0,1.0,0.0,3.0,0.0,2.75,1.25,5.0,0.0,3.5,3.0,0.75,1.5,-0.11,0.08,0.95,369.02,-4.5,-25.6,0.0,0.0,0.25,0.0,0.0,0.0,0.25,0.0,0.0,0.0,0.0,0.0,0.0,0.02,-0.11,0.95,0.0,-36.4,50.3
4.7,0.0,1.0,0.0,4.0,0.0,3.0,1.25,4.75,0.25,2.75,2.75,0.75,1.25,-0.11,0.08,0.95,336.7,-2.9,-17.4,0.0,0.0,0.25,0.0,0.5,0.0,0.0,0.0,0.0,0.0,0.0,0.0,0.0,0.02,0.02,0.89,0.0,-9.4,55.8
4.72,0.0,1.0,0.0,4.25,0.0,3.5,1.75,4.75,0.75,2.0,2.25,0.25,1.25,-0.11,0.08,0.95,306.98,-2.5,-9.6,1.5,0.75,0.5,0.0,0.0,0.0,0.0,0.0,0.0,0.0,0.0,0.0,0.0,0.02,0.14,1.2,0.0,-29.1,91.1
4.74,0.0,1.0,2.0,4.5,0.0,3.5,1.75,3.75,0.25,0.25,1.5,0.0,0.5,-0.11,0.08,0.95,288.74,3.8,16.3,0.0,0.0,0.0,0.0,0.0,0.0,0.0,0.0,0.0,0.0,0.0,0.0,0.0,0.02,0.27,1.45,3.4,0.0,0.0
4.76,0.0,1.0,0.0,5.0,0.0,3.75,2.0,3.75,0.25,1.75,1.5,0.0,0.0,-0.11,0.14,0.95,271.67,-1.0,8.6,0.25,0.0,0.0,0.0,0.5,0.0,0.25,0.0,0.0,0.0,0.0,0.0,0.0,0.02,0.39,1.58,6.67,-10.8,61.2
4.78,0.0,1.25,0.0,6.25,4.5,4.0,2.0,3.75,0.25,1.75,1.25,0.0,0.25,-0.11,0.14,0.95,281.17,-0.8,21.3,1.5,0.75,0.0,1.25,0.0,1.0,0.0,0.0,0.25,1.0,0.0,0.75,0.0,0.02,0.64,2.14,37.6,-8.3,24.0
4.8,0.0,1.0,0.0,6.25,0.0,4.25,2.25,3.75,0.0,1.25,1.25,0.0,0.0,-0.11,0.14,0.95,267.17,0.0,16.7,1.25,1.0,1.0,1.25,1.25,0.75,0.5,0.0,0.5,1.5,1.5,0.75,0.25,0.14,0.89,2.77,90.19,-9.1,9.7
4.82,2.75,1.25,0.0,7.0,0.0,4.25,2.0,3.5,0.0,0.75,1.0,0.0,0.5,-0.11,0.14,0.95,279.17,4.7,29.4,0.0,0.0,0.0,0.0,0.0,0.0,0.25,0.0,0.0,0.0,0.0,0.0,0.0,0.08,1.58,2.7,80.26,-32.4,27.3
4.84,0.0,1.25,3.75,7.75,0.0,4.75,2.5,3.25,0.0,1.0,0.75,0.0,0.25,-0.11,0.14,0.95,292.29,7.1,30.3,0.0,0.0,0.0,0.0,0.0,0.0,0.0,0.0,0.0,0.0,0.0,0.0,0.0,-0.17,2.39,2.39,61.72,0.0,0.0
4.86,4.75,1.25,4.25,8.0,6.25,5.0,2.5,3.0,0.0,1.0,1.0,0.0,0.25,-0.11,0.14,0.95,374.59,8.9,43.4,0.25,0.0,0.0,0.0,0.0,0.0,0.0,0.0,0.0,0.0,0.0,0.0,0.0,-0.61,3.08,1.08,34.26,-34.9,97.9
4.88,0.0,1.25,0.0,8.25,0.0,5.25,2.75,3.0,0.0,0.75,0.5,0.0,0.0,-0.11,0.2,0.95,367.97,1.8,30.5,0.0,0.0,0.0,0.0,0.0,0.0,0.0,0.0,0.0,0.0,0.0,0.0,0.0,-1.42,3.83,-0.17,11.24,0.0,0.0
4.9,0.0,1.25,0.0,9.0,0.0,5.75,3.0,2.25,0.0,0.75,0.0,0.0,0.0,-0.17,0.2,0.95,362.03,2.4,36.6,0.0,0.0,0.0,0.0,0.0,0.0,0.25,0.0,0.0,0.0,0.0,0.0,0.0,-1.86,4.08,-0.3,0.0,-32.4,27.3
4.92,0.0,1.25,0.0,9.25,0.0,5.75,3.0,2.25,0.0,0.5,0.0,0.0,0.0,-0.17,0.2,1.02,327.46,2.8,38.2,0.0,0.0,0.0,0.0,0.0,0.0,0.25,0.0,0.0,1.5,0.75,0.75,0.0,-1.8,4.52,-0.73,17.11,1.6,-79.8
4.94,5.75,1.5,0.0,10.5,0.0,0.0,3.5,2.0,0.0,0.25,0.0,0.0,0.0,-0.17,0.2,1.02,315.84,18.9,57.9,0.0,0.0,0.0,0.0,0.0,0.0,0.0,0.0,0.0,5.0,3.0,3.0,1.75,0.39,0.14,2.2,89.68,3.5,-88.4
4.96,0.0,1.5,7.75,9.0,0.0,0.0,4.25,2.0,0.0,0.0,0.0,0.0,0.0,-0.17,0.2,1.02,312.38,22.6,50.6,0.75,0.0,0.0,0.0,0.0,1.75,0.25,1.25,0.5,6.25,5.25,2.25,2.5,0.14,0.7,2.2,182.79,4.0,-65.0
4.98,0.0,1.25,7.25,10.5,0.0,0.0,4.0,0.25,0.0,0.0,0.0,0.0,0.0,-0.17,0.2,1.08,320.22,25.0,57.6,0.0,0.0,0.0,0.0,0.5,1.0,0.0,2.5,0.75,6.25,6.0,2.25,1.5,-0.23,0.14,0.95,257.09,4.5,-67.3
5.0,7.0,1.25,7.25,10.5,0.0,0.0,4.25,0.25,0.0,0.0,0.0,0.0,0.0,-0.23,0.27,1.2,356.25,27.3,66.6,0.75,0.0,0.0,0.5,0.0,2.0,0.25,2.5,1.0,6.75,5.75,2.25,1.5,0.08,0.02,0.95,306.27,3.6,-57.5
5.02,0.0,1.25,8.25,10.5,0.0,0.0,5.0,0.25,0.0,0.25,0.0,0.0,0.0,-0.3,0.27,1.52,354.3,25.3,55.7,1.25,0.0,0.0,1.25,0.0,2.0,1.0,4.0,1.25,7.0,6.75,2.5,1.75,0.08,0.14,0.95,360.39,2.0,-51.1
5.04,7.0,0.0,7.75,8.0,0.0,0.0,4.75,0.25,0.0,0.25,0.5,0.0,0.0,-0.3,0.39,1.83,373.0,28.6,61.5,1.25,0.5,0.75,1.25,1.0,3.25,2.25,4.0,1.5,7.0,7.25,2.5,1.25,0.08,0.08,0.95,417.13,0.5,-37.1
5.06,7.75,0.0,7.25,6.25,0.0,0.0,4.0,0.25,0.0,0.0,0.75,0.0,0.0,-0.55,0.64,2.39,362.2,29.7,63.4,1.5,0.5,0.75,1.5,1.75,4.25,2.5,5.0,1.5,6.75,7.25,2.5,2.0,0.08,0.08,0.95,493.32,1.3,-32.6
5.08,6.25,0.0,5.5,2.5,0.0,0.0,2.75,0.25,0.0,0.0,0.25,0.25,0.0,-0.8,1.02,2.45,318.78,31.4,64.8,3.0,1.5,2.75,3.5,4.5,5.75,3.5,5.75,2.0,7.0,7.75,3.0,2.25,0.08,0.08,0.95,630.86,-1.8,-12.9
5.1,5.25,0.0,3.75,0.0,0.0,0.0,1.25,0.0,0.0,0.0,0.0,0.0,0.0,-0.3,0.58,2.52,251.64,36.1,78.1,3.0,0.75,3.75,4.0,4.75,5.75,4.0,5.5,1.75,5.5,6.5,2.0,1.25,0.14,0.08,0.95,725.92,-3.3,-3.6
5.12,0.0,0.0,1.5,0.0,0.0,0.0,0.0,0.0,0.0,0.0,0.0,0.0,0.0,-0.61,-0.05,2.27,163.7,38.2,60.9,4.0,1.75,3.25,4.0,4.75,6.5,4.25,5.5,1.5,5.75,6.0,2.25,1.25,0.14,0.08,0.95,808.83,-3.3,0.4
5.14,0.0,0.0,0.0,0.0,0.0,0.0,0.0,0.0,0.0,0.0,0.0,0.0,0.0,-0.48,-0.61,0.89,60.32,0.0,0.0,3.0,1.75,5.5,4.75,6.25,6.75,4.75,5.25,1.5,3.5,4.75,1.0,1.25,0.14,0.08,0.95,839.81,-5.0,13.0
5.16,0.0,0.0,0.0,0.5,0.0,0.0,0.0,0.0,0.0,0.0,0.0,0.0,0.0,-0.55,-0.48,0.95,0.0,17.2,57.9,4.0,0.75,3.75,4.0,6.0,6.75,5.0,5.0,1.0,1.5,3.5,0.75,0.25,0.14,0.08,0.95,794.22,-5.3,21.5
