time,left pressure 0[N/cm虏],left pressure 1[N/cm虏],left pressure 2[N/cm虏],left pressure 3[N/cm虏],left pressure 4[N/cm虏],left pressure 5[N/cm虏],left pressure 6[N/cm虏],left pressure 7[N/cm虏],left pressure 8[N/cm虏],left pressure 9[N/cm虏],left pressure 10[N/cm虏],left pressure 11[N/cm虏],left pressure 12[N/cm虏],left acceleration X[g],left acceleration Y[g],left acceleration Z[g],left total force[N],left center of pressure X[mm],left center of pressure Y[mm],right pressure 0[N/cm虏],right pressure 1[N/cm虏],right pressure 2[N/cm虏],right pressure 3[N/cm虏],right pressure 4[N/cm虏],right pressure 5[N/cm虏],right pressure 6[N/cm虏],right pressure 7[N/cm虏],right pressure 8[N/cm虏],right pressure 9[N/cm虏],right pressure 10[N/cm虏],right pressure 11[N/cm虏],right pressure 12[N/cm虏],right acceleration X[g],right acceleration Y[g],right acceleration Z[g],right total force[N],right center of pressure X[mm],right center of pressure Y[mm]
0.02,0.5,1.0,2.0,0.0,4.25,2.25,1.0,4.0,1.5,5.75,5.0,6.0,6.5,-0.11,0.08,0.95,575.15,-1.6,-44.7,5.25,0.75,1.0,5.25,0.25,3.5,0.0,0.0,1.0,1.75,1.25,0.75,0.0,0.2,0.58,1.45,384.96,-11.8,35.2
0.04,0.5,1.0,1.75,0.0,4.25,2.5,1.0,4.0,1.25,5.75,4.25,6.0,6.0,-0.11,0.02,0.89,622.47,-2.2,-43.5,3.0,0.5,1.75,2.0,1.0,4.0,0.0,0.0,0.75,0.0,1.25,0.25,0.0,0.39,0.39,1.52,253.68,-10.0,41.8
0.06,0.75,1.0,2.25,1.0,4.25,2.5,1.0,4.0,1.75,6.0,4.25,6.25,6.0,-0.11,0.08,0.89,646.28,-0.8,-39.3,0.5,0.5,1.25,1.5,8.5,2.5,0.0,0.0,1.0,2.0,0.5,0.25,0.0,0.64,0.14,1.64,182.41,0.0,31.3
0.08,0.5,1.0,2.25,2.25,4.25,3.25,1.0,4.0,2.0,6.0,5.0,7.0,6.5,-0.11,0.08,0.89,674.13,-0.6,-38.6,0.75,0.0,0.75,0.75,1.0,0.75,0.0,0.0,0.75,0.25,0.75,0.25,0.0,0.58,-0.36,0.83,76.66,-10.3,19.3
0.1,0.5,1.0,2.25,0.75,4.25,3.5,1.25,5.0,2.0,6.5,5.75,7.5,7.0,-0.11,0.08,0.89,718.92,-1.5,-43.8,0.0,0.25,0.5,0.75,0.5,3.0,0.0,0.0,0.75,0.5,0.0,0.25,0.0,0.77,-1.23,1.39,5.49,4.1,21.1
0.12,0.0,1.0,2.75,1.75,4.25,4.25,1.75,5.5,2.5,7.25,6.5,8.0,7.5,-0.11,0.08,0.95,793.72,-1.3,-42.7,1.25,0.5,1.5,1.25,3.25,2.75,0.0,0.5,1.0,1.75,1.25,0.0,0.25,0.52,-0.23,1.45,6.43,-2.7,20.2
0.14,0.75,1.0,3.0,3.0,4.25,3.5,0.0,5.75,2.75,8.25,7.0,8.25,7.25,-0.05,0.08,0.95,864.25,-0.5,-40.9,0.0,0.5,0.75,0.5,0.5,0.5,0.0,0.0,0.75,0.25,0.0,0.0,0.0,0.39,-0.23,0.7,0.0,-9.7,33.2
0.16,0.0,1.0,0.0,3.5,4.25,4.0,0.0,6.5,3.5,8.5,7.75,8.5,8.5,-0.05,0.08,0.95,928.6,-3.3,-49.1,0.5,0.25,0.5,0.5,0.5,1.25,0.0,0.0,0.75,0.25,0.0,0.0,0.0,0.45,-0.23,0.58,0.0,-5.4,34.7
0.18,0.0,1.0,1.0,3.5,4.25,4.5,0.5,7.0,3.75,8.5,8.0,9.0,9.0,-0.05,0.08,0.95,981.35,-2.6,-47.2,0.0,0.25,0.5,0.5,0.25,0.0,0.0,0.0,0.5,0.0,0.75,0.0,0.25,0.52,-0.23,0.7,0.0,-13.5,0.2
0.2,0.25,1.0,2.0,3.5,4.5,5.25,1.0,7.25,3.75,9.0,8.0,9.0,9.0,-0.11,0.02,0.95,1029.22,-2.1,-43.5,0.0,0.0,0.5,0.0,0.5,0.5,0.0,0.0,0.5,0.25,0.25,0.0,0.25,0.45,-0.23,0.95,0.0,-2.9,-2.1
0.22,0.25,0.75,2.75,3.75,4.5,5.5,1.0,7.75,4.25,8.75,8.0,8.5,9.0,-0.11,0.02,0.95,1066.75,-1.7,-41.4,0.0,0.0,0.25,0.5,0.25,0.5,0.0,0.0,0.5,1.5,0.25,0.75,0.25,0.33,-0.05,1.02,0.0,0.9,-38.3
0.24,0.5,1.0,3.0,3.75,4.5,5.5,1.0,7.75,4.25,8.5,8.0,8.25,8.75,-0.11,0.02,0.95,1099.77,-1.3,-39.3,1.0,1.0,2.5,1.75,1.0,2.75,0.0,0.5,1.0,2.0,1.5,0.75,0.5,0.33,0.14,0.83,69.36,-6.1,9.2
0.26,1.0,1.0,3.0,3.75,4.75,5.75,1.0,7.75,4.25,8.5,7.75,8.25,8.25,-0.11,0.02,0.95,1114.33,-1.0,-36.9,0.75,0.5,1.75,1.25,1.75,1.75,0.0,0.5,1.0,1.75,1.5,0.75,0.75,0.45,0.27,0.89,138.33,-4.6,0.2
0.28,0.75,1.25,3.0,4.5,6.0,5.75,1.0,7.75,4.25,7.75,7.0,7.25,7.25,-0.11,0.02,0.95,1091.52,-0.8,-30.4,1.0,1.25,1.5,1.75,2.5,2.0,0.0,0.5,1.0,2.0,1.5,0.75,0.5,0.52,0.33,1.02,196.94,-4.4,10.9
0.3,0.5,1.0,3.0,4.75,6.5,7.0,3.0,7.5,4.25,7.25,6.5,6.75,6.5,-0.11,0.08,0.95,1056.15,-0.7,-25.9,0.0,0.0,1.75,0.75,1.25,0.75,0.0,0.25,0.5,1.0,0.75,0.0,0.25,0.58,0.45,1.2,186.48,-6.9,9.3
0.32,1.0,1.0,3.5,5.5,6.75,7.0,3.5,7.5,4.5,6.5,6.25,6.0,5.75,-0.11,0.08,0.95,1026.3,0.3,-20.0,0.0,0.0,0.0,0.5,0.25,0.25,0.0,0.0,0.5,0.5,0.5,0.0,0.0,0.58,0.64,1.39,151.76,-2.3,-15.6
0.34,1.25,1.0,4.5,5.5,7.0,7.0,3.75,7.25,4.25,6.0,5.75,5.25,5.25,-0.11,0.08,0.95,1002.0,1.2,-15.0,0.0,0.0,0.0,0.5,0.25,0.5,0.0,0.0,0.5,0.25,0.0,0.0,0.0,0.58,0.77,1.58,90.33,0.3,11.8
0.36,2.0,1.25,5.0,7.0,8.25,7.25,4.25,7.25,4.25,5.75,5.25,5.0,4.5,-0.11,0.08,0.95,1012.39,2.3,-7.0,0.0,0.25,0.25,0.0,0.25,0.75,0.0,0.0,0.5,0.0,0.25,0.0,0.25,0.58,0.83,1.7,50.69,-0.4,6.0
0.38,2.0,1.25,5.25,7.5,8.5,7.5,4.5,7.25,4.25,5.0,4.5,3.75,3.25,-0.11,0.08,0.95,1013.93,2.9,0.0,0.75,0.5,0.0,0.75,0.25,1.25,0.0,0.0,0.75,1.0,0.25,0.75,0.25,0.58,1.08,1.89,60.81,-2.4,-1.8
0.4,2.25,1.25,5.25,9.0,8.75,7.75,4.75,7.0,4.25,4.5,4.0,3.75,2.75,-0.05,0.08,0.95,1025.5,3.6,4.3,0.0,0.5,2.25,0.5,1.0,1.75,0.5,0.25,0.5,0.25,1.5,0.0,0.75,0.77,1.58,1.77,89.25,-7.6,10.9
0.42,3.0,1.25,5.5,11.5,9.75,8.0,4.75,6.75,3.75,4.25,4.0,3.5,2.5,-0.05,0.08,0.95,1057.49,4.5,10.1,1.0,0.5,0.0,0.75,0.25,2.75,0.0,0.0,1.0,2.0,0.75,0.75,0.25,0.52,1.89,1.08,118.26,1.6,-6.3
0.44,3.0,1.75,6.25,11.5,10.5,8.0,5.0,6.25,3.75,4.0,3.0,2.25,2.25,-0.05,0.08,0.95,1090.3,5.0,16.6,0.0,0.0,1.75,0.5,0.5,2.75,0.0,0.0,1.0,1.75,0.25,0.75,0.25,-0.05,2.52,1.33,131.7,-0.7,-4.1
0.46,3.75,1.75,6.75,13.5,11.5,8.0,5.0,6.25,3.0,2.75,2.5,2.25,1.5,-0.05,0.08,0.95,1134.32,6.3,24.1,0.0,0.0,0.25,0.5,0.25,2.75,0.5,0.0,1.0,2.0,0.75,0.75,0.25,-1.11,2.77,0.58,128.57,4.8,-22.9
0.48,4.0,2.5,7.25,14.0,13.0,8.5,4.75,5.5,2.5,2.0,2.0,2.25,1.5,-0.11,0.08,0.95,1185.16,6.7,29.4,1.0,0.0,2.5,1.0,1.0,3.0,0.75,0.25,1.0,1.5,1.5,0.75,1.0,-1.86,3.39,0.2,152.77,-5.6,0.7
0.5,4.25,2.5,8.0,15.0,13.5,8.75,4.75,5.25,2.0,2.0,1.75,2.0,1.25,-0.05,0.08,0.95,1241.01,7.2,32.7,0.5,0.0,2.0,0.0,1.0,1.75,0.75,0.25,0.5,2.0,1.5,0.75,1.0,-1.48,3.52,-0.23,166.84,-3.7,-15.8
0.52,5.5,2.5,8.5,16.0,14.0,8.75,4.75,4.5,1.75,2.0,1.5,2.0,1.25,-0.11,0.14,0.95,1300.48,8.1,35.8,1.75,0.25,0.0,1.25,0.5,3.0,0.0,0.0,0.5,0.75,0.25,1.5,0.5,-1.05,0.89,-0.17,176.65,-1.9,7.3
0.54,5.5,1.5,9.0,16.0,15.0,8.5,5.5,4.0,1.0,0.5,0.5,2.0,1.25,-0.05,0.14,1.02,1316.05,8.9,40.5,0.5,0.0,1.5,0.75,1.0,2.75,0.5,0.75,1.0,4.0,2.5,4.75,4.5,-0.17,-1.3,1.83,241.18,1.0,-50.9
0.56,7.25,1.75,10.0,17.5,15.0,8.0,5.25,3.25,1.25,1.75,1.25,2.0,1.0,-0.11,0.14,1.02,1352.7,10.2,40.7,0.25,0.0,1.5,0.0,1.25,2.75,0.5,2.0,1.0,6.0,3.75,5.25,5.5,-0.73,1.02,4.2,313.65,3.2,-59.1
0.58,7.75,2.75,9.75,17.0,15.0,7.75,5.5,1.75,1.0,2.0,0.0,1.25,0.5,-0.11,0.2,1.08,1358.73,11.0,47.8,1.0,0.0,0.0,1.75,1.0,5.0,0.0,4.75,1.75,8.5,7.0,7.0,7.5,-0.05,0.77,1.45,474.53,4.6,-57.6
0.6,8.75,3.0,10.5,18.5,14.0,6.25,4.75,2.0,0.5,2.0,1.25,1.5,0.5,-0.11,0.2,1.08,1373.94,12.4,47.0,1.0,0.5,0.0,0.5,1.25,5.0,0.25,5.75,1.75,8.25,8.5,7.0,8.0,0.02,0.14,1.14,641.72,4.8,-58.8
0.62,8.75,3.0,11.5,15.0,15.0,5.25,3.0,0.0,0.5,1.25,0.0,0.75,0.5,-0.11,0.27,1.08,1332.61,13.8,55.2,1.25,1.0,1.25,2.0,1.75,5.75,1.75,5.75,1.75,8.25,7.0,6.0,8.0,0.08,0.08,0.95,786.87,3.0,-44.5
0.64,9.0,2.75,12.0,14.5,13.5,2.75,2.0,0.25,0.75,0.75,1.25,0.25,0.25,-0.17,0.27,1.2,1254.21,16.1,56.0,0.0,1.0,2.25,1.25,1.0,5.75,2.0,5.75,1.75,8.25,7.25,6.5,7.75,0.14,0.08,0.95,857.55,3.1,-49.3
0.66,10.5,2.75,10.0,15.0,10.5,1.5,0.0,1.25,0.75,2.0,0.5,0.5,0.25,-0.17,0.33,1.2,1125.15,16.2,54.4,1.25,0.75,2.0,1.5,1.0,5.75,2.0,6.0,1.75,8.25,7.0,6.25,8.0,0.08,0.08,0.95,896.71,2.6,-46.5
0.68,9.0,2.75,9.75,0.0,8.75,1.0,0.0,0.5,1.0,2.0,0.25,0.5,0.5,-0.23,0.45,1.58,872.64,17.0,52.6,1.25,1.0,2.5,2.0,2.25,6.0,2.0,6.0,2.0,8.5,7.75,6.5,8.0,0.08,0.08,0.89,930.81,1.8,-41.6
0.7,8.5,1.25,7.5,7.25,6.75,0.0,0.0,0.25,0.5,0.0,0.0,0.5,0.25,-0.61,0.89,2.2,656.9,20.5,62.6,1.25,0.75,2.75,2.25,3.25,6.0,2.0,6.5,2.25,8.5,7.75,6.25,8.0,0.08,0.08,0.95,963.06,1.8,-39.0
0.72,7.25,1.5,4.5,6.0,5.25,1.0,0.0,0.0,1.0,0.5,0.0,0.5,0.0,-0.67,0.83,2.45,462.3,18.0,59.8,1.25,1.25,2.75,2.75,4.5,6.25,2.25,6.5,2.25,8.5,7.75,6.25,8.0,0.08,0.08,0.95,997.58,1.5,-34.3
0.74,6.0,1.0,4.0,3.75,5.5,0.0,0.0,0.0,0.5,0.0,0.0,0.0,0.0,-0.48,0.27,2.08,328.57,19.4,67.3,1.0,1.25,2.75,2.75,4.25,6.25,2.25,6.5,2.25,8.5,7.5,6.25,7.75,0.08,0.08,0.95,1009.81,1.7,-34.7
0.76,4.0,0.0,1.75,3.0,4.25,1.0,0.0,0.0,0.0,0.5,0.0,0.5,0.0,-0.3,0.58,2.27,227.03,13.6,55.3,1.0,1.25,2.75,3.25,4.5,6.5,2.0,6.75,2.5,8.25,7.5,6.25,7.5,0.14,0.08,0.95,1001.14,1.6,-32.9
0.78,0.75,0.25,1.0,2.0,4.5,1.0,0.0,0.0,0.5,0.5,0.0,0.75,0.0,-0.86,-0.23,1.95,138.42,5.7,37.6,0.0,1.0,2.75,3.25,4.75,6.75,2.75,7.0,2.5,8.25,7.75,6.25,7.5,0.08,0.08,0.95,971.04,2.1,-34.6
0.8,0.25,1.25,3.25,2.25,4.25,0.5,0.0,0.0,0.0,0.0,0.75,0.0,0.5,-0.8,-0.3,1.58,78.65,12.0,47.5,0.0,1.5,2.75,3.0,5.0,7.25,2.0,7.25,3.0,8.25,7.5,6.0,7.5,0.08,0.08,0.95,955.55,2.5,-32.9
0.82,0.0,0.0,1.0,2.25,0.0,0.25,0.0,0.0,0.5,0.0,0.0,0.75,0.0,-0.67,-1.67,1.45,0.67,17.9,21.8,1.5,1.5,2.75,3.25,6.0,7.25,2.75,7.25,3.0,8.0,7.5,5.75,7.0,0.08,0.08,0.95,947.94,1.3,-26.5
0.84,0.25,1.0,1.0,2.5,0.0,1.0,0.0,0.0,0.0,0.0,0.0,0.75,0.5,-0.48,-0.36,1.14,0.0,11.7,32.7,2.0,1.5,2.75,5.25,6.5,7.5,2.75,7.0,3.0,7.25,7.0,5.0,6.25,0.08,0.08,0.95,964.61,0.3,-18.8
0.86,0.0,0.0,1.75,0.25,0.0,0.0,0.0,0.0,0.0,0.0,0.0,0.25,0.0,-0.36,-0.36,0.33,0.0,32.7,42.2,2.0,1.5,3.75,5.0,6.75,7.5,4.0,7.0,3.0,7.0,6.5,4.0,5.5,0.08,0.08,0.95,975.89,-0.5,-13.8
0.88,0.0,1.0,2.75,0.25,4.25,0.75,0.0,0.25,0.0,0.0,0.5,0.25,0.25,-0.42,-0.23,0.27,0.0,8.4,43.2,2.75,1.75,5.0,5.75,8.0,7.75,4.0,6.5,3.0,6.0,5.5,3.5,4.75,0.08,0.08,0.95,995.71,-2.0,-3.9
0.9,0.25,0.0,2.25,1.75,4.25,1.25,0.0,0.0,0.5,0.5,0.5,1.0,0.25,-0.48,-0.3,0.52,35.54,7.1,25.9,3.0,2.0,5.25,7.25,8.25,7.75,4.0,6.5,3.0,5.25,5.25,2.5,4.0,0.08,0.08,0.95,1010.42,-3.0,2.9
0.92,0.5,0.0,2.25,1.75,4.25,1.25,0.0,0.0,0.5,0.5,0.75,1.25,0.25,-0.55,-0.36,0.89,113.43,7.6,22.9,4.25,2.0,5.5,8.75,9.0,8.0,4.0,6.0,2.5,4.75,4.5,2.25,3.0,0.08,0.14,0.95,1031.47,-4.2,11.5
0.94,0.5,0.0,2.25,1.0,4.25,1.0,0.0,0.0,0.25,0.75,1.0,1.0,0.5,-0.48,-0.23,0.95,149.41,6.7,18.0,4.5,2.0,6.25,9.25,9.25,8.0,4.75,5.75,2.25,3.75,3.75,1.75,2.25,0.08,0.14,0.95,1042.95,-5.5,18.4
0.96,0.5,0.0,1.75,1.75,2.5,1.0,0.0,0.5,0.25,0.5,0.75,1.0,0.25,-0.48,0.02,0.95,166.4,7.6,17.0,4.75,2.5,6.75,10.5,10.5,8.25,4.0,5.25,1.75,3.5,3.75,1.25,2.0,0.08,0.14,0.95,1070.07,-6.0,24.0
0.98,0.5,0.0,2.25,1.0,4.25,1.0,0.0,0.25,0.25,0.5,0.5,1.0,0.5,-0.36,0.2,1.14,178.96,6.5,22.3,5.0,3.0,7.0,11.5,11.0,8.25,4.0,4.75,1.75,3.5,3.25,1.0,1.5,0.02,0.14,0.95,1100.13,-6.6,28.6
1.0,0.5,0.0,2.25,1.25,4.25,1.0,0.0,0.25,0.5,0.5,0.75,1.25,0.5,-0.23,0.27,1.27,191.06,6.9,17.8,5.75,3.0,7.75,12.5,12.0,8.5,4.0,4.5,1.25,3.5,2.75,1.0,1.75,0.02,0.14,0.95,1151.27,-7.1,31.6
1.02,0.5,0.0,2.25,1.0,4.25,1.0,0.0,0.25,0.5,0.5,0.75,1.0,0.5,-0.23,0.45,1.45,201.28,6.7,19.4,6.5,3.25,8.0,12.5,12.5,8.75,4.5,3.5,1.0,3.0,2.5,0.75,2.0,0.02,0.14,0.95,1196.19,-7.8,35.2
1.04,0.25,0.0,2.0,1.25,4.25,1.0,0.0,0.25,0.5,0.0,0.5,1.0,0.25,-0.23,0.58,1.64,201.88,7.0,26.5,7.0,3.5,8.75,13.0,13.5,8.75,4.0,3.25,0.75,2.75,2.5,0.75,1.75,0.02,0.14,0.95,1249.54,-8.4,38.1
1.06,0.25,0.0,2.25,1.0,4.25,1.0,0.0,0.25,0.5,0.0,0.5,1.0,0.25,-0.36,0.7,1.83,203.16,7.4,26.5,7.75,3.75,8.75,0.0,13.5,8.75,4.0,2.0,1.0,2.25,2.5,0.75,1.0,0.02,0.14,1.02,1155.66,-7.7,38.8
1.08,0.25,0.0,2.25,1.0,4.25,1.0,0.0,0.25,0.5,0.0,0.75,1.25,0.5,-0.55,1.02,2.2,197.39,7.1,19.2,8.25,1.0,9.25,0.0,13.5,8.25,0.0,1.75,1.0,2.0,2.5,0.75,0.0,-0.05,0.2,1.02,1016.68,-8.0,40.6
1.1,0.25,0.0,2.0,0.75,3.0,1.75,0.0,0.0,0.5,0.0,0.5,1.0,0.0,-0.55,1.45,1.89,183.37,7.0,26.6,8.5,3.25,9.25,15.5,12.5,7.75,0.0,1.75,0.0,0.0,2.5,0.25,0.5,0.02,0.2,1.08,1001.85,-11.6,52.0
1.12,0.25,1.0,2.25,1.25,2.5,1.0,0.0,0.0,0.5,1.0,0.5,1.25,0.75,0.2,2.2,2.08,177.22,7.6,13.8,9.5,4.75,10.5,15.5,13.5,7.25,1.75,0.25,0.75,1.75,1.5,0.75,1.0,0.02,0.27,1.14,1076.04,-12.4,50.9
1.14,0.5,1.0,2.25,1.0,4.25,1.0,0.0,0.0,0.0,0.5,0.5,0.75,0.5,1.33,2.58,1.27,180.77,7.3,33.3,10.0,4.5,10.5,16.0,13.0,7.25,0.0,0.0,0.25,0.0,1.5,0.25,0.25,0.08,0.33,1.14,1152.18,-13.6,58.9
1.16,0.5,0.0,2.25,1.5,4.25,1.0,0.0,0.0,0.0,0.5,0.5,0.75,0.5,1.45,3.14,0.58,186.03,7.3,28.9,10.5,4.0,9.0,15.0,11.0,6.25,0.0,0.0,0.75,0.0,1.5,0.75,0.5,0.08,0.33,1.2,1165.61,-14.2,56.5
1.18,0.5,0.75,2.0,1.0,4.25,1.0,0.0,0.0,0.25,0.0,0.5,1.0,0.5,1.77,3.52,-0.11,189.3,7.6,31.4,10.5,4.75,9.25,14.0,11.0,6.0,0.0,0.25,0.75,0.0,2.25,0.75,1.0,0.14,0.39,1.2,1152.72,-13.9,53.8
1.2,0.25,0.75,1.75,1.0,0.0,1.0,0.0,0.0,0.25,0.25,0.5,0.5,0.5,2.64,3.89,0.83,163.65,12.5,18.5,9.5,3.75,8.5,9.75,9.25,3.0,0.0,0.25,0.5,1.75,2.5,0.75,1.0,0.27,0.58,1.95,1024.05,-14.6,48.2
1.22,0.5,1.0,1.75,0.75,4.25,1.0,0.0,0.25,0.5,2.0,1.25,2.25,1.25,-0.55,-0.42,0.27,183.21,3.4,-3.4,8.75,2.75,4.75,7.0,6.75,3.0,0.0,0.25,0.75,1.75,2.0,0.25,1.0,0.83,1.45,3.2,833.58,-13.3,46.7
1.24,0.5,0.0,0.75,1.0,0.0,0.25,0.0,0.0,0.5,2.0,1.0,3.25,3.25,0.02,-2.11,1.89,184.05,2.1,-64.0,7.0,1.5,2.0,5.5,4.75,3.25,0.0,0.25,0.75,1.75,2.0,0.75,1.0,0.2,0.64,2.64,620.01,-10.6,36.8
1.26,0.25,0.0,1.25,0.0,3.75,1.75,0.0,1.5,1.25,5.25,3.0,5.75,6.0,0.95,0.45,4.33,268.88,-2.9,-54.0,5.25,1.25,1.25,3.25,1.75,3.25,0.0,0.0,0.75,1.5,1.75,0.75,1.0,0.33,0.27,2.33,415.47,-9.9,29.1
1.28,0.25,1.0,1.75,0.0,2.5,3.5,0.0,5.25,2.25,7.75,6.75,8.25,8.25,-0.3,0.52,1.39,423.05,-3.1,-56.5,1.0,0.0,2.5,1.75,4.5,0.5,0.0,0.0,0.5,0.0,1.25,0.25,0.0,0.89,-0.48,2.33,265.2,-12.0,39.4
1.3,0.25,1.0,2.25,2.25,3.5,3.5,0.0,6.25,2.5,8.25,7.5,8.25,9.0,0.2,0.08,1.02,657.19,-2.1,-49.0,0.25,0.0,0.0,0.75,14.5,0.25,0.0,0.0,0.5,0.0,1.0,0.0,0.25,1.08,-0.36,2.33,203.2,1.3,43.2
1.32,0.0,1.0,3.0,2.5,1.25,3.5,0.0,6.25,2.5,5.25,7.75,8.25,8.75,-0.05,0.08,1.02,814.76,-0.6,-51.0,0.0,0.0,0.25,1.0,0.5,0.0,0.5,0.5,0.5,0.0,1.25,0.0,0.5,0.64,-1.61,0.7,83.77,-7.7,-14.9
1.34,0.25,1.0,2.25,2.75,2.5,4.0,0.0,5.0,2.5,8.5,7.5,8.25,8.75,-0.11,0.08,0.95,928.89,-1.7,-49.5,0.0,0.0,0.0,0.5,0.5,0.5,0.0,0.0,0.5,0.25,1.25,0.0,0.25,0.45,-0.67,0.95,0.0,-2.0,-21.1
1.36,0.25,1.0,3.0,2.5,2.25,4.25,1.0,6.0,2.5,8.5,7.25,8.25,8.75,-0.11,0.08,0.95,980.55,-1.4,-47.7,0.0,0.0,0.0,0.5,0.5,1.5,0.0,0.0,0.25,0.25,1.25,0.0,0.25,0.27,-0.55,0.33,0.0,3.7,-8.5
1.38,0.0,1.0,3.0,2.75,1.75,4.5,0.0,6.5,2.75,7.5,7.5,8.25,8.75,-0.11,0.02,0.95,1000.88,-1.6,-48.6,0.0,0.25,0.0,0.0,0.25,0.5,0.0,0.0,0.5,0.25,1.0,0.0,0.25,0.33,-0.42,0.52,0.0,-0.1,-27.5
1.4,0.0,1.0,3.0,3.5,4.25,4.75,0.0,6.5,3.0,8.5,7.5,8.25,8.75,-0.11,0.08,0.95,1041.17,-1.7,-42.4,0.0,0.0,0.0,0.0,0.25,0.5,0.25,0.0,0.5,0.25,0.5,0.0,0.25,0.39,-0.36,0.7,0.0,1.7,-28.6
1.42,0.25,1.0,3.0,2.5,4.25,5.0,0.0,6.75,2.75,8.5,8.0,8.25,8.5,-0.11,0.08,0.95,1067.42,-1.9,-43.3,0.0,0.0,0.0,0.0,0.25,0.75,0.5,0.0,0.5,0.25,0.25,0.0,0.25,0.39,-0.3,0.89,0.0,3.3,-15.4
1.44,0.5,0.5,3.0,3.5,4.25,5.5,2.0,7.25,3.25,8.5,7.0,8.25,8.25,-0.11,0.08,0.95,1084.56,-1.4,-39.6,0.0,0.0,0.0,0.25,0.25,2.25,0.5,0.0,0.5,0.25,0.75,0.0,0.25,0.33,-0.11,0.89,0.0,6.6,-2.4
1.46,0.5,1.0,3.0,3.75,4.5,5.5,2.25,7.25,3.75,8.5,7.0,7.75,8.25,-0.11,0.02,0.95,1071.35,-1.1,-36.9,1.5,0.5,0.0,0.0,0.25,1.25,0.5,0.0,0.5,0.25,0.5,0.0,0.25,0.27,0.08,1.02,0.0,-7.6,28.8
1.48,0.25,0.75,3.0,3.75,4.75,5.0,2.5,7.0,3.75,7.5,7.0,7.5,7.5,-0.11,0.02,0.95,1037.11,-0.6,-36.1,0.5,0.0,0.0,0.0,0.25,1.75,0.5,0.0,0.5,0.25,0.5,0.0,0.25,0.27,0.27,1.2,11.85,2.6,5.1
1.5,0.25,0.75,3.25,3.75,4.75,5.75,3.0,7.0,4.25,7.25,7.0,7.0,7.0,-0.11,0.08,0.95,979.01,-0.4,-33.3,0.0,0.25,0.0,0.0,0.25,2.25,0.25,0.0,0.5,0.25,0.25,0.0,0.25,0.27,0.39,1.33,34.44,10.2,7.9
1.52,1.25,1.0,3.75,5.5,6.5,6.0,3.5,7.25,4.5,7.0,6.5,6.75,6.5,-0.05,0.08,0.95,967.59,0.9,-23.0,0.0,0.25,0.0,0.0,0.25,2.0,0.25,0.0,0.5,0.25,0.5,0.0,0.25,0.27,0.52,1.58,45.71,8.2,1.4
1.54,1.75,1.25,4.5,5.5,6.75,6.75,4.0,7.0,4.25,6.0,6.5,6.0,5.5,-0.05,0.08,0.95,983.36,1.9,-16.2,0.0,0.0,0.0,0.0,0.25,2.5,0.25,0.0,0.25,0.25,0.75,0.0,0.25,0.27,0.7,1.83,50.91,11.2,-2.8
1.56,2.0,1.25,5.25,7.25,7.0,7.0,4.25,6.75,4.25,5.75,5.75,5.25,4.5,-0.05,0.08,0.95,1016.51,3.0,-8.7,0.0,0.0,0.0,0.0,0.25,2.0,0.25,0.0,0.5,0.25,0.5,0.0,0.25,0.33,0.89,2.27,63.88,9.6,-5.1
1.58,2.25,1.25,5.25,8.0,8.0,7.0,4.75,6.5,4.25,4.25,4.5,3.75,3.5,-0.05,0.08,0.95,1017.38,3.8,1.0,0.0,0.0,0.0,0.75,0.25,2.0,0.25,0.0,0.5,0.25,0.25,0.0,0.25,0.45,1.39,2.39,67.16,5.9,10.2
1.6,3.0,1.25,6.0,9.0,8.5,7.0,5.0,6.0,3.75,4.5,3.0,3.5,2.0,-0.05,0.08,0.95,1014.62,5.1,9.7,0.0,0.0,0.0,0.5,0.25,1.75,0.5,0.0,0.5,0.25,0.5,0.0,0.0,0.33,2.2,2.08,66.48,3.7,8.7
1.62,3.25,1.75,6.5,11.5,8.75,7.0,5.5,5.5,3.75,3.25,3.0,2.5,1.5,-0.05,0.08,0.95,1017.74,6.8,18.5,0.0,0.25,0.0,1.0,0.25,1.25,0.25,0.0,0.25,1.5,0.25,0.75,0.25,-0.11,2.95,1.58,76.15,2.9,-18.0
1.64,4.0,1.75,7.75,13.0,10.0,7.25,5.5,5.25,3.0,3.0,1.5,2.25,1.5,-0.05,0.08,0.95,1046.7,7.7,25.9,1.25,0.0,1.75,0.5,1.0,2.25,0.5,0.25,0.5,1.5,1.5,0.0,0.75,-0.61,3.64,0.39,112.55,-5.0,5.1
1.66,4.0,2.25,8.0,13.5,10.5,7.25,5.0,4.75,2.75,2.0,1.75,2.0,1.5,-0.05,0.08,0.95,1081.86,8.3,29.6,0.0,0.0,0.0,0.0,0.25,1.5,0.0,0.0,0.25,0.0,0.25,0.0,0.25,-1.48,4.27,-0.23,99.75,12.7,3.1
1.68,5.5,2.5,9.0,15.0,13.0,7.5,5.25,4.0,2.0,2.0,1.75,2.0,1.25,-0.05,0.14,0.95,1162.16,9.2,35.2,0.5,0.0,0.0,0.5,0.25,2.25,0.5,0.25,0.5,0.25,1.5,0.0,1.0,-2.8,5.08,1.64,106.65,2.3,-14.0
1.7,5.75,2.5,9.5,16.0,13.0,7.5,5.5,3.75,1.75,2.0,1.0,2.0,1.0,-0.05,0.14,0.95,1233.69,9.8,38.1,0.0,0.0,0.0,0.5,0.25,1.0,0.0,0.0,0.25,1.5,0.75,1.5,0.5,-0.11,0.14,1.52,100.11,3.2,-51.3
1.72,6.25,2.5,10.0,16.5,14.0,7.5,5.5,2.5,1.25,1.25,0.5,1.75,0.5,-0.05,0.14,1.02,1289.17,10.9,44.7,0.0,0.0,0.0,1.0,0.25,0.5,0.0,0.0,0.75,4.75,1.5,4.5,4.0,0.14,-0.23,1.77,165.37,3.4,-77.7
1.74,7.25,2.75,10.5,18.0,14.5,7.25,6.0,2.25,1.25,0.0,1.5,1.0,1.0,-0.11,0.14,1.02,1329.42,12.0,47.2,0.0,0.0,0.0,1.5,2.25,1.75,0.0,1.75,1.0,6.5,4.0,6.5,6.5,-0.48,1.08,2.02,273.52,4.0,-63.8
1.76,7.75,2.75,11.5,18.5,15.0,6.75,6.0,1.75,0.75,1.75,0.0,1.5,0.5,-0.05,0.14,1.08,1363.77,12.4,48.6,2.0,1.25,0.0,0.25,0.25,0.0,0.0,4.0,1.75,9.0,6.5,6.75,7.0,-0.05,0.64,1.27,418.0,1.9,-66.3
1.78,8.75,2.75,12.0,18.0,15.0,5.75,5.5,2.0,0.75,2.0,0.25,1.5,0.5,-0.11,0.2,1.08,1393.96,13.0,48.4,1.25,1.25,0.0,2.75,2.75,6.0,0.5,6.5,1.75,8.75,8.75,7.0,8.25,0.02,0.27,1.14,652.15,3.8,-45.8
1.8,9.5,2.75,12.5,17.5,15.0,5.0,5.5,1.75,0.75,2.0,0.5,1.25,0.5,-0.11,0.2,1.14,1411.3,13.8,49.4,1.0,1.0,2.75,2.75,1.0,6.25,2.0,6.5,2.0,8.75,8.0,6.5,8.0,0.08,0.14,0.95,838.45,1.7,-42.7
1.82,10.5,3.0,12.5,17.5,14.0,1.75,3.75,1.0,1.0,1.5,1.0,1.75,0.5,-0.17,0.27,1.2,1396.54,16.2,50.7,0.5,0.5,2.75,2.5,2.5,6.0,2.0,6.5,2.0,8.5,7.75,6.5,8.0,0.14,0.14,0.95,966.57,2.2,-42.7
1.84,9.75,3.0,12.5,15.0,13.0,1.0,1.5,1.75,0.5,0.5,0.25,1.25,0.25,-0.23,0.33,1.33,1318.44,16.9,55.5,0.0,0.75,2.75,2.25,2.5,6.0,2.0,6.5,2.0,8.5,7.0,6.5,8.0,0.08,0.08,0.95,1009.31,2.7,-43.3
1.86,10.5,2.75,11.5,11.5,9.25,1.0,0.0,1.25,1.0,0.5,1.25,1.5,0.5,-0.36,0.45,1.52,1149.22,18.1,52.2,0.0,0.5,2.75,2.75,2.25,6.25,2.25,6.5,2.25,8.75,7.75,6.5,8.0,0.08,0.08,0.95,1030.8,2.4,-43.6
1.88,9.75,2.5,10.0,9.0,7.75,1.0,0.0,1.25,0.75,0.25,0.5,1.5,0.25,-0.48,0.83,1.89,939.76,18.6,54.7,0.0,0.5,2.75,2.75,4.25,5.75,2.25,6.5,2.25,8.5,8.25,6.5,8.0,0.08,0.08,0.95,1038.54,2.1,-40.4
1.9,7.0,1.25,7.5,5.5,6.75,0.0,0.0,0.0,0.5,0.0,0.0,1.25,0.0,-0.67,1.08,2.58,680.51,20.4,59.4,0.75,0.75,2.75,2.75,4.5,6.25,2.5,6.5,2.25,8.75,8.25,6.5,8.0,0.08,0.08,0.95,1060.56,1.8,-37.2
1.92,6.0,1.25,5.25,4.5,5.75,0.0,0.0,0.0,0.5,0.0,0.75,0.75,1.0,-0.61,0.39,2.52,468.17,18.1,51.2,0.5,1.5,2.75,3.0,4.5,6.25,2.25,6.5,2.25,8.5,7.75,6.25,8.0,0.08,0.08,0.95,1050.92,1.8,-34.8
1.94,4.0,0.0,2.5,2.25,4.5,0.0,0.0,0.25,0.0,0.0,0.5,0.5,0.5,-0.86,0.27,2.2,290.4,16.0,49.9,0.0,1.25,2.75,3.0,4.5,6.75,2.75,6.75,2.5,8.25,7.5,6.0,7.75,0.08,0.08,0.95,1023.27,2.2,-34.7
1.96,0.25,0.0,2.0,1.0,2.25,1.0,0.0,0.0,0.25,1.5,0.0,1.25,0.0,-0.98,-0.67,2.14,161.03,6.6,12.2,1.25,1.0,2.75,3.0,4.75,7.0,2.75,7.0,2.5,8.25,7.25,5.75,7.75,0.08,0.08,0.95,980.44,1.8,-31.6
1.98,1.5,1.0,3.0,3.25,4.25,1.0,0.0,0.0,0.0,0.5,1.0,1.25,0.25,-1.36,-1.11,2.45,92.04,11.8,36.2,1.75,1.0,2.75,3.25,5.5,7.25,3.0,7.0,3.0,8.0,7.0,5.5,6.5,0.08,0.14,0.95,942.07,1.1,-26.3
2.0,1.25,1.0,3.0,2.25,4.25,1.0,0.0,0.0,0.0,0.5,0.75,1.5,0.25,-1.05,-1.11,0.83,66.64,11.1,33.4,2.0,1.5,2.75,4.0,6.5,7.25,3.25,7.0,3.0,7.5,7.0,5.0,6.25,0.08,0.08,0.95,933.72,0.5,-20.7
2.02,0.75,1.0,3.0,2.5,4.25,1.0,0.0,0.0,0.0,0.5,0.75,1.25,0.5,-0.67,-0.42,0.58,77.56,10.2,31.9,2.0,1.25,3.0,5.25,6.75,7.5,3.75,7.0,3.0,7.25,6.75,4.5,5.75,0.08,0.14,0.95,936.95,0.0,-16.6
2.04,0.75,1.0,3.0,2.25,4.25,1.0,0.0,0.0,0.25,1.5,0.0,1.0,0.0,-0.48,-0.42,0.14,94.42,9.2,35.4,1.25,1.5,3.0,5.25,7.25,7.75,4.0,6.75,3.0,6.25,6.25,3.5,5.5,0.08,0.14,0.95,941.7,0.2,-13.0
2.06,0.5,1.0,3.0,2.0,4.25,1.0,0.0,0.0,0.25,2.0,1.0,1.0,1.0,-0.36,-0.36,0.64,128.56,6.8,16.6,2.25,1.75,5.0,6.5,8.25,7.75,4.25,6.5,3.0,5.75,5.5,2.5,4.5,0.08,0.14,0.95,963.95,-2.0,-1.2
2.08,0.75,1.0,3.0,2.0,0.0,1.0,0.0,0.25,0.0,1.75,0.5,1.25,0.5,-0.36,-0.36,0.77,129.33,12.2,11.6,3.0,1.75,5.25,7.25,8.5,8.0,4.25,6.25,2.75,5.0,4.75,2.25,3.5,0.08,0.14,0.95,976.74,-3.0,5.6
2.1,0.5,1.0,3.0,2.0,4.25,1.0,0.0,0.0,0.25,1.75,0.5,1.25,0.5,-0.36,-0.36,0.95,159.76,7.7,22.7,3.5,2.25,6.0,9.0,9.25,8.0,4.75,5.75,2.5,3.75,4.5,2.0,2.5,0.08,0.14,0.95,1003.59,-4.9,14.9
2.12,0.5,0.75,3.0,2.25,4.25,1.0,0.0,0.0,0.25,1.75,0.5,1.25,0.5,-0.42,-0.11,0.95,186.96,7.8,22.1,5.0,2.5,6.75,10.5,9.75,8.0,4.0,5.25,2.0,3.5,3.75,1.5,2.5,0.08,0.14,0.95,1040.77,-6.2,22.0
2.14,0.5,1.0,3.0,2.25,4.25,1.0,0.0,0.0,0.25,1.75,0.5,1.25,0.5,-0.36,0.08,1.02,218.62,7.9,23.2,5.25,3.0,7.25,11.0,11.0,8.25,4.75,4.75,1.5,3.5,3.5,1.25,2.0,0.02,0.14,0.95,1095.2,-6.8,27.0
2.16,0.5,1.0,3.0,1.75,4.25,1.0,0.0,0.0,0.0,1.75,0.75,1.25,0.5,-0.3,0.2,1.2,232.05,7.6,21.6,6.0,3.25,8.0,12.5,11.0,8.25,4.0,3.5,1.25,3.5,2.75,1.0,1.0,0.02,0.14,0.95,1138.43,-8.3,34.5
2.18,0.5,1.0,3.0,1.75,4.25,1.0,0.0,0.0,0.25,1.75,0.5,1.25,0.5,-0.23,0.33,1.45,244.01,7.6,22.1,7.5,3.0,8.75,12.0,12.0,8.25,0.0,3.25,1.0,2.75,2.5,0.75,0.75,0.02,0.14,0.95,1160.16,-8.6,39.7
2.2,0.5,1.0,3.0,1.75,4.25,0.0,0.0,0.0,0.0,1.75,0.0,1.25,0.5,-0.17,0.52,1.64,236.49,9.3,25.6,7.5,3.0,9.0,13.0,12.0,7.75,3.75,2.0,0.75,1.5,2.5,0.5,1.0,0.02,0.2,0.95,1168.21,-10.6,43.9
2.22,0.75,0.75,3.0,1.75,4.25,1.0,0.0,0.0,0.0,1.75,0.5,1.0,0.5,-0.3,0.64,1.95,229.03,7.8,25.0,6.25,2.25,8.75,11.5,11.0,7.75,3.75,1.25,0.25,0.75,1.5,0.25,0.5,-0.05,0.2,1.02,1097.7,-11.0,48.9
2.24,0.75,0.75,3.0,1.5,3.5,1.0,0.0,0.0,0.0,1.75,0.5,1.5,0.25,-0.55,0.95,2.2,225.2,8.7,20.6,8.25,3.5,9.0,12.0,11.0,6.75,3.0,0.5,0.75,0.5,1.5,0.5,1.0,-0.05,0.2,1.08,1056.01,-12.7,51.0
2.26,0.5,0.5,3.0,1.5,3.75,1.0,0.0,0.0,0.5,1.75,0.5,1.25,0.5,-0.36,1.33,2.39,224.01,7.7,16.8,9.0,2.75,9.25,12.5,11.5,0.0,1.75,0.25,0.25,0.0,1.25,0.5,0.5,0.02,0.27,1.08,961.93,-17.9,58.2
2.28,0.25,0.75,2.75,1.75,4.25,1.0,0.0,0.0,0.5,1.75,0.5,1.25,0.5,0.2,2.33,2.2,224.92,6.7,18.2,9.0,5.0,9.5,14.5,11.0,6.25,1.75,0.25,0.0,0.0,0.0,0.75,1.0,0.02,0.33,1.08,974.71,-13.8,58.4
2.3,0.5,0.0,1.25,0.75,1.25,0.75,0.0,0.0,0.0,0.0,0.5,1.0,0.5,1.45,2.95,1.58,185.89,9.7,10.3,10.0,5.0,10.5,14.0,12.0,5.0,0.0,0.25,0.75,0.0,0.0,0.75,0.5,0.08,0.39,1.27,991.62,-14.9,60.1
2.32,0.5,1.0,2.75,1.25,3.75,1.0,0.0,0.0,0.5,1.75,0.5,1.25,0.5,1.89,3.27,0.77,189.43,7.2,18.1,11.0,4.75,10.5,13.0,9.75,5.25,0.0,0.0,0.25,0.0,2.25,0.75,1.0,0.14,0.39,1.27,1029.27,-15.6,55.6
2.34,0.25,0.75,2.25,1.25,3.5,1.0,0.0,0.0,0.5,1.75,0.5,1.0,0.5,1.83,3.77,-0.11,180.19,5.7,15.2,10.0,4.5,9.0,10.5,8.25,5.25,0.0,0.0,0.25,1.75,2.25,0.75,1.0,0.27,0.52,1.33,992.75,-14.1,50.3
2.36,0.5,0.75,2.25,1.25,3.75,0.75,0.0,0.0,0.0,0.25,0.5,1.25,0.0,1.89,3.77,-0.17,183.25,10.0,33.9,9.0,3.25,5.25,7.25,6.5,2.75,0.0,0.25,0.75,1.75,1.75,0.5,1.0,0.7,1.2,2.52,846.58,-14.0,47.7
2.38,0.25,0.0,1.75,0.5,3.75,0.0,0.0,0.25,0.25,0.75,1.0,2.0,1.25,0.02,0.77,1.89,176.97,5.5,-9.1,8.0,2.5,2.75,5.5,4.75,4.0,0.0,0.25,0.75,1.5,2.25,0.75,1.0,0.64,1.08,3.58,664.79,-11.4,40.8
2.4,0.25,0.0,0.5,0.5,1.75,0.5,0.0,0.25,0.5,1.0,0.75,0.0,5.25,0.14,-0.42,1.52,173.68,-5.2,-46.7,6.25,1.5,2.0,2.0,3.0,3.25,0.0,0.0,0.75,0.75,2.0,0.75,1.0,0.39,0.33,2.7,457.02,-11.4,35.8
2.42,0.25,1.25,1.0,0.0,0.0,1.25,0.0,1.5,0.5,5.5,1.5,7.0,6.5,0.64,0.58,3.83,237.39,-3.1,-70.2,0.5,0.0,2.75,1.75,4.5,1.25,0.0,0.0,0.5,0.0,1.25,0.25,0.0,0.95,-0.42,2.58,291.7,-9.8,37.5
2.44,0.5,1.0,2.0,0.0,1.25,2.25,0.0,4.25,2.0,8.5,6.5,9.0,8.0,-0.3,0.52,1.7,378.69,-2.0,-62.2,0.5,0.0,1.0,0.5,0.5,0.75,0.0,0.0,0.5,0.0,0.25,0.0,0.0,1.14,-0.11,1.14,145.23,-13.6,38.7
2.46,0.5,1.0,1.0,2.0,3.75,3.25,0.25,6.5,3.0,8.5,8.0,9.0,8.5,0.27,0.14,1.33,616.02,-2.5,-51.5,1.5,0.0,1.75,2.0,2.5,2.5,0.25,0.25,1.0,1.5,1.5,0.75,0.5,1.08,-1.55,1.2,86.9,-5.8,12.2
2.48,0.25,1.0,0.0,0.25,0.0,3.75,0.0,7.0,2.75,8.75,8.25,9.0,9.5,0.02,0.08,1.02,808.85,-4.8,-68.4,2.0,0.5,1.5,1.25,1.0,2.75,0.5,0.25,1.0,1.75,1.5,0.75,0.5,0.58,-0.8,1.33,53.9,-6.2,8.8
2.5,0.0,1.0,2.25,0.75,3.0,4.5,0.0,7.0,2.5,8.5,8.0,8.75,9.25,-0.17,0.08,0.95,955.59,-3.2,-53.3,1.0,0.25,1.75,1.5,2.25,1.5,0.5,0.25,1.0,2.0,1.5,0.75,1.0,0.27,-0.48,0.45,70.26,-5.4,0.5
2.52,0.25,1.0,3.0,1.0,4.25,4.5,0.0,7.0,2.75,8.5,7.5,8.25,9.0,-0.11,0.02,0.95,1029.75,-2.6,-47.0,0.75,0.25,1.5,0.0,2.5,0.75,0.75,0.25,0.5,0.5,1.5,0.0,1.0,0.33,-0.42,0.2,53.11,-6.7,8.6
2.54,0.0,0.25,3.0,3.25,3.75,5.0,0.0,6.75,3.0,8.0,7.25,8.25,9.0,-0.11,0.02,0.95,1070.42,-2.1,-45.2,0.0,0.25,0.0,0.0,0.25,0.5,0.5,0.0,0.5,0.25,0.25,0.0,0.25,0.45,-0.36,0.7,9.78,-0.1,-8.3
2.56,0.0,0.0,2.75,2.75,3.5,5.0,0.25,7.0,3.0,8.0,7.0,8.25,8.5,-0.11,0.02,0.95,1064.41,-2.4,-46.9,0.75,0.5,0.0,0.0,0.25,1.75,0.25,0.0,0.5,0.25,0.25,0.0,0.25,0.39,-0.3,0.83,0.0,0.5,24.3
2.58,0.25,0.0,3.0,3.75,4.25,5.5,2.25,7.25,3.5,8.0,7.0,7.75,8.25,-0.11,0.02,0.95,1081.91,-1.4,-39.9,0.0,0.0,0.5,0.0,0.5,0.5,0.25,0.0,0.25,0.25,0.25,0.0,0.25,0.33,-0.17,0.89,0.0,-3.3,2.5
2.6,0.25,0.75,3.0,3.75,4.25,5.75,2.25,7.25,3.75,7.5,6.5,7.5,8.0,-0.11,0.02,0.95,1071.23,-1.2,-36.6,0.0,0.0,0.0,0.0,0.25,0.5,0.25,0.0,0.5,0.25,0.0,0.0,0.25,0.33,0.02,0.89,0.0,4.9,-16.6
2.62,0.25,1.0,3.25,3.75,5.25,5.75,3.0,7.25,3.75,7.25,6.5,7.0,7.25,-0.11,0.02,0.95,1046.76,-0.7,-31.8,0.0,0.0,0.0,0.75,0.25,3.0,0.5,0.0,1.0,1.75,0.25,0.0,0.0,0.33,0.2,0.95,5.03,8.0,-3.4
2.64,1.0,1.0,3.5,4.5,5.75,6.0,3.0,7.0,3.75,7.25,6.0,6.25,6.5,-0.11,0.02,0.95,1005.57,0.0,-25.4,0.5,0.5,0.0,0.0,0.5,0.75,0.5,0.0,0.5,0.25,0.25,0.0,0.25,0.33,0.33,1.33,28.97,-3.6,19.7
2.66,1.25,1.0,3.75,5.5,6.75,6.5,3.5,7.0,4.0,6.0,5.75,5.75,5.75,-0.11,0.08,0.95,966.66,0.8,-18.1,0.0,0.0,0.5,0.5,0.5,1.0,0.5,0.0,0.5,0.25,0.25,0.25,0.0,0.27,0.52,1.52,44.77,-4.9,11.8
2.68,2.0,1.25,5.0,7.25,7.0,6.75,4.25,6.75,4.25,5.75,5.0,5.25,4.5,-0.11,0.08,0.95,962.87,2.9,-8.3,1.0,1.0,2.0,0.5,1.0,3.0,0.75,0.25,1.0,1.75,1.5,0.75,0.75,0.27,0.64,1.83,101.36,-4.6,4.1
2.7,2.0,1.5,5.0,7.75,7.75,7.0,4.75,6.5,3.75,4.75,4.0,3.75,3.75,-0.05,0.08,0.95,966.89,3.2,0.1,1.0,0.5,2.0,1.0,1.25,2.75,0.75,0.25,1.0,2.0,1.5,0.75,0.5,0.39,0.95,2.14,145.66,-5.0,3.8
2.72,3.0,1.25,5.5,9.0,8.25,7.0,5.0,6.25,3.75,4.25,3.25,3.5,2.75,-0.11,0.08,0.95,986.72,4.6,7.4,1.25,0.75,2.5,0.75,1.25,2.75,0.75,0.25,1.0,2.0,1.5,0.75,0.5,0.64,1.52,2.7,195.42,-6.5,7.8
2.74,3.25,1.25,6.5,11.5,8.75,7.25,5.25,5.75,3.5,4.25,3.0,2.25,2.5,-0.05,0.08,0.95,1012.61,5.8,14.9,1.0,1.0,2.5,1.25,1.0,2.75,0.5,0.25,1.0,1.75,1.5,0.75,0.5,0.7,2.14,2.33,225.04,-6.8,9.9
2.76,4.0,1.75,7.5,12.0,9.75,7.25,5.5,5.5,3.0,2.75,3.0,2.25,1.5,-0.05,0.08,0.95,1052.02,7.5,22.9,1.25,1.25,1.75,0.5,1.0,2.75,0.75,0.0,0.75,0.25,0.25,0.0,0.0,0.27,3.08,1.45,225.36,-9.0,47.0
2.78,4.25,1.75,8.0,13.5,10.5,7.5,5.5,5.0,2.75,2.0,2.0,2.25,1.5,-0.05,0.08,0.95,1096.46,8.2,28.1,0.0,0.5,0.0,0.5,0.0,2.75,0.0,0.25,0.75,1.0,1.5,0.0,0.25,-0.86,3.83,0.52,196.15,5.8,-11.1
2.8,5.25,1.5,8.5,14.0,12.5,7.5,5.75,4.25,2.0,2.0,1.75,2.0,1.5,-0.05,0.08,0.95,1152.59,8.7,32.5,0.0,0.0,1.75,0.5,1.0,3.25,0.5,0.25,0.75,0.5,1.5,0.0,0.5,-2.05,4.52,-0.67,175.82,-1.6,6.9
2.82,5.75,2.5,9.0,15.0,13.0,7.5,6.0,4.0,2.0,2.0,1.5,2.0,1.25,-0.05,0.14,0.95,1219.71,9.4,35.8,1.25,1.25,0.0,1.25,0.25,2.0,0.0,0.0,0.75,2.0,0.5,0.25,0.25,-3.23,5.45,0.08,163.47,-1.7,12.9
2.84,6.25,2.5,10.0,16.0,13.0,7.5,6.0,3.25,1.25,2.0,1.5,2.0,1.25,-0.11,0.14,0.95,1284.67,10.3,38.4,0.0,1.25,1.75,1.0,0.5,1.5,0.25,0.25,0.25,0.5,1.25,1.0,0.75,-0.11,0.45,0.02,159.57,-7.3,3.7
2.86,7.0,2.0,10.0,16.5,14.0,7.5,6.25,2.25,1.25,2.0,1.0,2.0,1.0,-0.05,0.14,1.02,1326.06,10.9,41.3,0.75,0.25,0.0,0.75,0.0,0.0,0.0,0.25,0.75,3.75,2.5,4.25,4.0,0.2,-0.17,1.77,193.6,0.3,-74.2
2.88,7.75,2.75,11.0,17.5,14.5,7.0,5.5,2.0,1.25,1.5,0.25,1.75,1.5,-0.11,0.14,1.08,1362.47,11.7,44.8,0.0,0.0,0.0,0.5,1.75,0.0,0.25,1.75,0.75,7.0,4.0,5.75,6.25,-0.42,0.7,4.45,273.39,4.2,-74.8
2.9,8.5,2.75,12.0,17.5,14.5,6.25,5.25,2.0,0.75,2.0,0.0,1.25,0.75,-0.05,0.14,1.02,1382.58,12.7,48.5,0.25,1.5,0.0,1.5,0.5,5.0,0.0,4.75,1.5,9.0,6.5,7.0,8.25,0.08,0.77,1.52,422.94,5.3,-57.7
2.92,9.5,2.75,12.0,17.0,15.0,4.5,5.75,2.0,0.75,2.0,0.5,1.5,0.5,-0.11,0.2,1.08,1394.22,13.8,48.5,0.0,1.5,1.25,3.0,3.0,6.0,0.75,6.5,2.0,9.0,8.75,7.0,8.25,-0.05,0.2,1.14,646.56,3.4,-44.7
2.94,10.5,3.0,12.5,16.5,14.0,4.5,4.75,0.0,0.5,2.0,0.75,1.25,0.75,-0.11,0.2,1.14,1385.13,15.1,51.8,0.0,1.0,2.75,2.75,3.0,6.25,0.75,6.5,1.75,8.75,7.75,7.0,8.25,0.08,0.08,0.95,846.66,2.8,-42.6
2.96,10.5,3.5,12.5,16.5,13.0,2.25,3.75,0.75,0.75,2.0,0.75,1.5,0.5,-0.17,0.27,1.14,1354.32,16.2,51.5,1.0,0.75,2.75,2.75,2.5,6.25,0.75,6.5,2.0,8.5,7.75,6.75,8.25,0.14,0.08,0.95,972.18,2.2,-41.4
2.98,11.5,3.25,12.5,15.0,13.0,2.0,1.75,1.5,0.5,1.25,1.25,1.0,0.5,-0.23,0.33,1.27,1306.7,16.4,53.3,1.25,1.0,2.75,2.75,3.5,6.25,1.75,6.5,2.0,8.5,7.75,6.5,8.0,0.08,0.08,0.89,1035.99,1.7,-37.2
3.0,11.5,2.75,12.0,13.5,10.0,1.0,0.0,1.0,0.5,0.5,0.5,0.5,0.5,-0.36,0.45,1.45,1170.41,18.7,59.0,0.25,1.25,2.75,3.0,4.5,6.25,1.75,6.5,2.25,8.75,7.25,6.5,8.0,0.08,0.08,0.95,1065.93,2.3,-36.4
3.02,9.0,1.25,9.75,7.75,8.5,0.0,0.0,1.0,0.5,0.0,1.25,0.25,0.5,-0.55,0.83,1.89,933.47,19.4,56.5,1.5,1.25,2.75,3.0,4.5,6.5,2.0,6.5,2.25,8.5,7.75,6.25,8.0,0.08,0.08,0.95,1079.2,1.5,-33.2
3.04,8.25,2.5,5.75,6.25,5.75,1.0,0.0,0.0,0.5,0.5,0.0,0.5,0.0,-0.73,1.08,2.77,678.12,18.8,63.6,1.25,1.25,2.75,3.0,4.75,6.75,1.25,6.75,2.25,8.25,7.75,6.0,7.5,0.08,0.08,0.95,1070.52,1.8,-32.3
3.06,6.25,1.25,3.5,5.5,5.75,0.75,0.0,0.0,0.5,0.25,0.75,0.5,0.5,-0.67,0.33,2.33,459.05,16.2,54.2,1.25,1.5,2.75,3.0,5.0,7.0,2.5,6.75,2.25,8.0,7.25,5.75,7.5,0.08,0.08,0.95,1050.89,1.6,-29.6
3.08,4.0,1.0,3.5,3.75,4.75,0.5,0.0,0.0,0.0,0.0,0.0,0.5,0.5,-0.73,0.2,2.39,301.71,16.4,57.7,1.25,1.0,2.75,3.25,5.5,7.25,2.75,6.75,2.5,7.5,7.0,5.0,6.5,0.08,0.08,0.95,1000.13,1.5,-26.1
3.1,0.0,0.0,2.0,1.5,2.25,0.0,0.0,0.0,0.0,0.0,0.0,0.5,0.0,-1.17,-1.11,2.14,162.2,15.1,44.7,1.75,1.5,2.75,3.75,6.5,7.5,2.75,6.75,2.5,7.25,6.5,5.0,6.25,0.08,0.08,0.95,960.25,1.0,-20.6
3.12,1.0,0.0,1.75,3.0,1.75,0.75,0.0,0.0,0.0,0.0,1.0,0.5,0.25,-0.98,-0.98,0.83,59.11,13.9,34.8,1.75,2.0,2.75,5.25,6.75,7.75,3.0,6.75,3.0,7.0,6.5,3.75,5.75,0.08,0.08,0.95,936.82,0.4,-14.3
3.14,0.5,1.0,3.0,2.25,3.5,1.0,0.0,0.0,0.0,1.75,0.0,0.75,0.0,-0.61,-0.36,0.52,14.48,9.1,35.1,1.5,1.5,3.0,5.5,7.0,7.75,3.25,6.75,3.0,6.75,6.25,3.5,5.5,0.08,0.14,0.95,922.65,0.3,-13.3
3.16,0.25,1.0,3.0,2.25,4.25,1.0,0.0,0.0,0.5,1.5,0.5,1.5,0.5,-0.42,-0.42,0.14,33.49,7.9,20.8,2.25,2.0,4.5,5.75,8.0,8.0,3.25,6.5,3.0,6.0,5.5,3.0,4.25,0.08,0.14,0.95,935.94,-1.3,-3.1
3.18,0.75,0.25,2.75,1.25,3.0,1.75,0.0,0.0,0.5,1.0,0.5,1.25,0.5,-0.36,-0.3,0.33,56.07,7.8,18.6,2.0,2.0,5.0,7.25,8.25,8.0,3.0,6.5,2.75,5.5,5.5,2.5,4.0,0.08,0.14,0.95,960.32,-1.9,0.7
3.2,0.5,1.0,3.0,2.0,4.25,1.0,0.0,0.0,0.5,1.5,0.5,1.25,0.25,-0.36,-0.36,0.7,100.2,8.5,25.3,2.0,1.75,5.25,8.25,9.25,8.0,3.5,6.0,2.5,4.75,4.5,2.25,3.0,0.08,0.14,0.95,973.57,-2.7,7.7
3.22,0.5,1.0,3.0,2.25,4.25,1.0,0.0,0.0,0.5,1.25,0.5,1.25,0.5,-0.42,-0.36,0.83,135.32,8.6,25.3,3.0,2.5,5.5,9.0,9.5,8.25,4.0,5.75,2.25,3.75,3.75,1.75,2.25,0.08,0.14,0.95,984.97,-4.1,16.7
3.24,0.5,1.0,3.0,2.0,4.25,1.0,0.0,0.0,0.5,1.25,0.5,1.25,0.5,-0.42,-0.23,0.89,171.97,8.5,24.7,4.5,2.5,6.75,10.5,11.0,8.25,4.5,5.25,1.75,3.5,3.75,1.25,2.25,0.08,0.14,0.95,1033.25,-5.8,23.5
3.26,0.5,1.0,3.0,2.0,4.25,1.0,0.0,0.0,0.5,1.5,0.5,1.5,0.5,-0.36,-0.05,1.02,204.4,8.2,21.3,5.5,2.75,7.0,11.0,11.0,8.25,4.5,4.75,1.5,3.5,2.75,1.0,1.25,0.02,0.14,0.95,1073.82,-6.9,30.2
3.28,0.5,1.0,3.0,1.75,4.25,1.0,0.0,0.0,0.5,1.25,0.5,1.25,0.5,-0.3,0.14,1.14,223.86,8.4,24.2,5.75,3.0,7.75,12.5,12.0,8.25,4.75,4.0,1.25,3.5,2.5,1.0,1.25,0.02,0.14,0.95,1135.48,-7.7,33.5
3.3,0.5,0.75,3.0,2.0,4.25,1.0,0.0,0.0,0.5,0.75,0.5,1.25,0.5,-0.17,0.33,1.39,233.7,9.2,26.7,6.5,3.0,8.0,13.0,12.0,8.25,4.5,3.25,1.0,3.25,2.5,0.75,1.25,0.02,0.14,0.95,1177.98,-8.5,36.5
3.32,1.0,0.25,3.0,0.75,4.25,1.75,0.0,0.0,0.25,0.75,0.5,1.25,0.5,-0.17,0.45,1.58,235.59,7.6,25.1,6.25,3.0,8.25,12.5,12.5,8.5,4.5,2.5,1.0,2.5,2.5,0.75,1.25,0.02,0.14,0.95,1199.82,-8.8,38.5
3.34,0.5,0.5,2.5,0.0,2.5,1.75,0.0,0.0,0.0,1.5,0.5,1.25,0.5,-0.23,0.58,1.77,220.77,5.0,10.2,7.5,3.5,8.75,13.5,13.5,8.25,4.5,2.0,1.0,1.5,2.5,0.25,0.5,0.02,0.2,0.95,1216.44,-10.3,45.9
3.36,0.5,0.5,3.0,1.5,4.25,1.0,0.0,0.0,0.0,1.25,0.5,1.25,0.5,-0.36,0.77,2.45,211.26,7.9,23.1,8.0,3.25,8.75,14.5,12.0,8.25,4.0,1.25,0.75,2.25,1.5,0.75,0.0,-0.05,0.2,0.95,1213.94,-11.1,47.8
3.38,0.5,0.5,3.0,1.75,4.25,1.0,0.0,0.0,0.25,0.5,0.5,1.0,0.5,-0.61,1.27,2.7,204.83,9.4,30.1,8.75,3.75,10.5,14.5,13.5,7.75,3.5,1.75,1.0,2.25,1.5,0.75,1.25,-0.05,0.2,1.02,1261.18,-11.2,45.6
3.4,0.25,1.0,3.0,1.0,3.75,1.0,0.0,0.0,0.5,0.5,0.5,1.0,0.5,-0.05,1.95,2.52,204.04,9.2,27.7,9.0,4.0,10.5,16.0,13.5,7.75,2.75,1.25,0.75,1.75,2.0,0.75,0.5,-0.05,0.27,1.08,1300.26,-11.9,48.9
3.42,0.5,0.75,3.0,0.75,4.25,1.0,0.0,0.0,0.5,0.75,0.5,1.25,0.5,1.27,2.77,1.95,206.08,8.5,23.9,9.75,4.75,11.0,15.0,12.0,6.5,1.0,0.25,0.0,0.0,0.0,0.0,0.5,0.02,0.33,1.08,1272.83,-14.4,62.1
3.44,0.5,0.75,2.75,1.25,4.25,1.0,0.0,0.0,0.5,0.5,0.5,1.25,0.5,1.95,3.08,1.08,206.42,8.7,26.2,9.0,4.75,11.5,13.5,13.0,5.25,0.25,0.25,0.0,0.0,0.0,0.25,0.5,0.08,0.33,1.14,1208.97,-14.6,61.7
3.46,0.5,1.0,2.25,0.75,4.25,1.0,0.0,0.25,0.5,0.5,0.5,1.0,0.25,1.83,3.77,-0.05,203.14,7.3,28.9,11.0,5.5,11.0,15.5,11.5,6.0,0.0,0.25,0.5,1.75,2.0,0.75,1.0,0.14,0.39,1.2,1203.63,-13.9,52.4
3.48,0.25,0.0,2.75,1.0,4.25,0.25,0.0,0.0,0.0,0.0,0.5,1.25,0.5,2.02,4.14,-0.3,191.43,10.6,25.8,9.25,4.75,10.5,13.5,11.0,5.75,0.0,0.0,0.0,1.75,1.25,0.75,0.5,0.14,0.45,1.2,1145.85,-13.8,54.4
3.5,0.5,0.5,1.75,1.0,3.5,0.0,0.0,0.0,0.5,1.5,0.5,1.5,1.0,-0.8,0.02,0.08,185.6,6.4,2.9,9.75,3.75,8.75,9.25,8.25,4.25,0.0,0.25,0.75,1.75,2.0,0.75,1.0,0.33,0.64,1.89,1034.54,-14.4,48.7
3.52,0.25,0.0,0.5,0.0,0.0,0.0,0.0,0.0,0.25,0.25,0.0,3.25,1.75,-0.48,-1.48,1.27,154.04,4.9,-83.9,8.5,2.75,5.25,7.25,6.5,2.75,0.0,0.25,0.75,1.75,2.0,0.75,0.75,0.89,1.52,3.27,837.65,-13.9,45.7
3.54,0.0,0.0,0.75,0.0,0.0,0.75,0.0,0.0,0.5,2.25,0.75,5.25,5.5,0.77,0.45,0.89,177.95,-2.4,-86.4,7.0,1.75,2.75,5.25,4.75,3.5,0.0,0.25,0.5,1.25,2.25,0.25,1.0,0.27,0.64,2.83,618.91,-11.4,41.6
3.56,0.25,1.0,0.75,1.75,4.25,2.75,0.0,2.5,1.25,0.0,4.25,7.5,7.0,-0.48,0.95,4.33,265.67,-0.2,-42.3,4.25,1.5,1.75,2.0,4.5,2.75,0.0,0.0,0.5,0.0,1.5,0.25,0.0,0.52,0.14,2.45,391.62,-10.8,50.6
3.58,0.5,1.0,2.25,2.25,1.25,3.5,0.0,5.5,2.25,8.0,7.0,8.25,9.0,0.14,0.52,1.27,450.4,-1.8,-53.4,0.25,0.0,0.0,0.75,2.25,0.5,0.0,0.0,0.25,0.0,0.0,0.0,0.0,1.08,-0.55,0.95,206.64,-1.2,49.3
3.6,0.25,1.0,1.75,1.75,4.25,3.75,0.0,6.25,2.5,8.0,7.5,8.75,9.0,0.08,0.08,1.08,679.33,-2.6,-49.5,1.0,0.25,0.5,0.5,1.0,0.5,0.0,0.0,0.25,0.25,0.5,0.0,0.0,1.27,-0.61,2.14,52.7,-11.2,39.6
3.62,0.25,1.0,0.0,2.25,1.75,4.25,0.0,6.25,2.25,8.0,7.5,8.5,9.0,-0.05,0.02,0.95,852.21,-4.1,-57.1,0.5,0.0,0.25,0.25,1.0,2.25,0.0,0.0,0.25,0.25,0.5,0.0,0.0,0.95,-1.36,1.2,0.0,3.3,27.8
3.64,0.25,1.0,3.0,1.0,0.5,4.25,0.0,7.0,2.5,8.25,7.0,8.25,9.0,-0.11,0.08,0.95,942.63,-2.5,-55.4,0.25,0.0,0.0,0.5,0.5,0.0,0.0,0.0,0.25,0.25,0.25,0.0,0.25,0.33,-0.55,1.14,0.0,-5.7,3.9
3.66,0.0,0.75,2.5,3.0,3.75,4.0,0.0,6.75,2.5,8.5,7.0,8.25,9.0,-0.11,0.08,0.95,994.41,-2.4,-46.9,0.0,0.25,0.0,0.25,1.0,0.0,0.0,0.0,0.25,0.25,0.25,0.0,0.5,0.2,-0.42,0.33,0.0,0.4,-0.2
3.68,0.0,0.0,3.0,3.5,1.25,5.5,1.75,7.25,2.75,8.0,6.5,8.25,8.75,-0.11,0.08,0.95,1017.78,-2.0,-48.0,0.0,0.0,0.0,0.5,1.0,0.75,0.0,0.0,0.25,0.25,0.5,0.0,0.25,0.27,-0.3,0.2,0.0,2.8,6.3
3.7,0.25,0.0,3.25,3.75,4.25,5.75,2.0,7.5,3.0,7.25,7.0,7.75,8.25,-0.11,0.08,0.95,1051.67,-1.4,-38.9,0.25,0.0,0.0,0.5,0.5,0.0,0.0,0.0,0.5,0.25,0.25,0.0,0.5,0.39,-0.23,0.39,0.0,-4.5,-10.0
3.72,0.25,0.25,3.0,3.75,4.5,5.75,2.25,7.75,3.0,7.75,7.0,7.5,8.25,-0.11,0.08,0.95,1074.69,-1.6,-38.1,0.0,0.0,0.0,0.0,0.5,0.5,0.0,0.0,0.25,0.25,0.25,0.0,0.25,0.45,-0.3,0.83,0.0,7.1,-13.6
3.74,1.0,0.75,3.0,3.75,4.25,6.25,2.5,7.75,3.25,7.5,6.5,7.0,7.5,-0.11,0.08,0.95,1068.21,-1.1,-33.2,0.0,0.0,0.0,0.0,0.25,1.25,0.25,0.0,0.25,0.25,0.25,0.0,0.25,0.39,-0.17,0.95,0.0,10.0,-6.1
3.76,1.25,1.0,3.75,3.75,4.75,6.75,2.75,7.5,3.5,7.25,6.5,6.75,7.0,-0.11,0.08,0.95,1044.94,-0.3,-28.3,0.0,0.5,0.0,0.5,0.25,1.0,0.25,0.0,0.25,0.25,0.5,0.0,0.5,0.39,0.08,0.95,0.0,1.5,2.7
3.78,1.25,1.0,3.25,5.5,4.75,7.0,3.0,7.25,3.75,6.75,5.75,6.0,6.25,-0.11,0.08,0.95,994.31,0.0,-23.1,1.0,1.5,1.75,0.75,2.25,2.75,0.75,0.25,1.0,1.75,1.5,0.5,1.0,0.39,0.33,0.95,77.7,-3.8,10.8
3.8,1.25,1.0,4.25,6.0,6.75,7.0,3.25,7.25,3.25,6.25,5.5,5.25,5.75,-0.11,0.08,0.95,965.06,0.7,-15.6,1.25,1.25,1.75,0.5,2.75,2.75,0.75,0.25,1.0,1.75,1.5,0.75,0.75,0.39,0.45,1.27,166.45,-4.0,11.5
3.82,2.0,1.25,4.5,7.0,7.0,7.0,4.0,7.25,3.5,5.75,4.5,5.0,4.5,-0.05,0.08,0.95,955.35,2.0,-8.1,1.0,1.0,2.0,0.5,2.5,2.75,0.5,0.25,0.75,2.0,1.5,0.75,1.0,0.33,0.58,1.45,229.44,-3.2,6.3
3.84,2.0,1.25,5.25,7.5,8.5,7.5,3.75,7.25,3.75,5.5,4.0,3.75,4.25,-0.05,0.08,0.95,984.93,2.1,-1.7,1.25,0.5,1.75,0.75,1.25,2.75,0.75,0.25,0.75,2.0,1.5,0.75,0.75,0.33,0.7,1.7,244.63,-4.2,2.0
3.86,2.0,1.25,5.25,9.0,8.75,7.75,4.25,7.0,3.5,4.75,4.0,3.5,2.75,-0.05,0.08,0.95,1010.19,3.1,4.5,1.25,0.75,2.75,0.5,1.5,0.25,0.5,0.0,1.0,2.0,1.5,0.75,1.0,0.45,0.89,1.95,244.55,-11.1,0.5
3.88,2.5,1.25,5.5,9.25,9.25,8.0,4.25,6.75,3.25,4.25,3.25,2.75,2.75,-0.11,0.08,0.95,1022.53,3.5,9.5,1.0,0.5,2.5,0.75,1.0,2.75,0.75,0.25,0.75,2.0,1.5,0.75,1.0,0.58,1.33,2.33,241.26,-5.3,0.7
3.9,3.0,1.5,5.5,11.5,10.5,8.0,4.25,6.25,3.0,4.25,3.0,2.25,2.25,-0.05,0.08,0.95,1048.01,4.3,16.0,1.0,0.5,2.75,0.25,1.25,1.25,0.75,0.25,0.75,2.0,1.5,0.75,0.75,0.52,2.02,2.39,232.4,-8.6,-0.5
3.92,3.25,2.0,6.5,13.0,11.5,8.0,3.75,6.0,2.5,4.25,2.75,2.25,1.5,-0.05,0.08,0.95,1095.77,5.2,21.5,0.0,0.0,0.0,0.0,0.25,0.5,0.0,0.0,0.75,1.75,0.5,0.25,0.25,0.02,2.64,1.39,188.53,6.2,-52.1
3.94,4.0,2.25,6.5,13.5,13.0,8.25,3.75,5.5,2.25,2.5,1.75,2.25,1.5,-0.05,0.08,0.95,1142.66,5.9,28.4,0.5,0.5,0.0,0.0,0.25,0.5,0.0,0.0,0.25,0.0,0.25,0.0,0.5,-0.67,3.2,0.77,134.43,-3.5,16.0
3.96,4.0,2.5,8.0,15.0,13.0,8.0,3.0,5.25,2.25,2.75,1.5,1.75,1.25,-0.05,0.08,0.95,1197.58,6.9,31.8,0.0,0.0,0.0,0.5,0.25,0.0,0.0,0.0,0.25,0.0,0.25,0.0,0.25,-1.73,3.7,0.27,73.09,-6.5,-6.5
3.98,5.0,2.5,8.25,15.5,14.0,8.25,4.0,3.5,1.5,1.75,1.75,2.0,1.25,-0.05,0.14,0.95,1245.13,8.3,36.5,0.25,0.0,0.0,0.25,0.25,2.25,0.0,0.25,0.25,0.5,0.25,0.0,0.25,-2.17,4.39,0.14,42.92,10.6,5.0
4.0,5.5,2.5,9.0,16.5,14.5,8.5,5.25,4.0,1.25,2.0,1.5,2.0,1.25,-0.05,0.14,0.95,1306.87,8.6,37.2,0.0,0.0,0.0,0.5,0.25,0.5,0.0,0.0,0.25,0.5,0.25,0.75,1.0,-1.92,2.45,0.08,24.71,3.0,-49.0
4.02,6.0,2.5,8.75,18.0,15.0,8.25,4.75,3.25,1.25,2.0,0.25,2.0,1.25,-0.05,0.14,1.02,1342.58,9.0,40.8,0.25,0.0,0.0,0.25,0.25,0.5,0.0,0.0,0.25,2.0,1.5,2.5,3.0,0.64,-1.11,2.45,61.29,3.0,-77.2
4.04,7.0,2.75,10.0,18.5,15.5,8.0,5.0,2.5,1.0,2.0,1.0,1.25,1.25,-0.05,0.14,1.08,1385.54,10.2,43.6,1.25,0.5,1.5,2.0,1.75,0.0,0.0,0.5,0.5,5.75,3.5,5.0,6.0,-0.11,0.33,0.58,186.02,-1.3,-51.1
4.06,7.75,2.5,11.0,18.5,15.5,7.5,4.25,2.0,1.0,2.0,0.25,1.0,1.25,-0.11,0.2,1.08,1409.3,11.1,46.5,1.0,0.5,1.5,1.5,2.5,5.25,0.5,3.25,1.5,8.25,4.5,7.0,8.0,-0.05,0.83,1.39,351.39,3.5,-47.5
4.08,8.0,3.0,11.5,18.5,15.0,7.0,2.75,2.0,0.5,2.0,0.0,1.5,0.5,-0.11,0.2,1.08,1415.19,11.8,48.9,0.0,0.5,0.0,0.75,2.75,5.5,1.0,6.0,1.5,8.75,8.0,7.0,8.25,-0.05,0.33,1.2,571.14,5.7,-55.9
4.1,9.0,3.25,11.5,17.5,15.0,5.0,2.5,0.25,0.5,2.0,0.5,1.5,0.75,-0.11,0.2,1.14,1392.04,13.5,50.8,1.0,1.25,2.25,3.0,2.5,6.0,1.25,6.5,1.75,8.5,7.75,6.5,8.0,0.02,0.14,0.95,787.14,2.2,-40.0
4.12,8.75,2.75,12.5,17.0,15.0,4.25,1.75,0.75,0.75,1.75,0.75,1.5,0.5,-0.17,0.27,1.2,1360.09,14.0,50.3,1.25,0.25,2.75,3.0,2.25,6.25,0.75,6.25,1.5,8.5,7.0,6.25,8.0,0.14,0.08,0.95,917.72,2.4,-40.8
4.14,9.5,2.75,11.0,15.0,13.0,3.0,0.0,0.25,0.5,2.0,1.25,1.0,0.5,-0.23,0.33,1.33,1270.56,14.8,51.7,1.0,1.0,2.75,3.0,2.75,6.25,0.75,6.5,1.75,8.25,7.0,6.25,8.0,0.08,0.08,0.89,992.42,2.3,-38.3
4.16,9.5,2.75,10.0,13.5,8.75,1.5,0.0,0.0,0.5,1.75,0.0,0.75,0.25,-0.42,0.52,1.7,1089.02,17.6,57.4,0.75,1.5,2.75,3.0,4.25,6.25,1.0,6.5,1.75,8.5,7.0,6.25,8.0,0.14,0.08,0.95,1034.85,2.3,-34.9
4.18,8.0,1.25,9.0,7.5,8.5,0.0,0.0,0.0,0.5,0.0,0.0,0.0,0.25,-0.67,0.89,2.52,830.91,20.2,64.6,0.25,1.25,2.75,3.0,4.5,6.5,1.0,6.5,2.25,8.5,7.5,6.25,8.0,0.08,0.08,0.95,1059.36,2.5,-36.2
4.2,7.25,2.0,6.5,7.0,6.75,1.0,0.0,1.0,0.5,0.0,0.5,0.25,0.5,-0.86,1.02,2.77,619.33,17.1,57.3,0.75,1.5,2.75,3.0,4.75,6.75,1.75,7.0,2.25,8.25,7.25,5.75,7.75,0.08,0.08,0.95,1065.88,2.2,-32.2
4.22,5.5,1.25,5.0,5.5,4.25,1.0,0.0,0.5,0.5,1.25,0.75,0.5,0.5,-0.61,0.39,2.58,429.78,16.0,46.8,0.25,1.25,2.75,3.0,4.75,7.0,2.5,7.0,2.25,8.0,6.75,5.75,7.5,0.08,0.08,0.95,1044.44,2.4,-32.3
4.24,1.75,0.75,2.25,3.75,4.25,1.0,0.0,0.0,0.0,0.0,0.0,0.5,0.25,-0.86,0.02,2.27,280.13,12.1,53.5,0.5,1.5,2.5,3.25,5.0,7.25,2.75,7.0,2.25,8.0,6.5,5.25,7.25,0.08,0.08,0.95,1005.91,2.4,-29.2
4.26,0.0,0.0,2.0,2.0,3.75,0.0,0.0,0.0,0.0,0.0,0.0,0.0,0.0,-1.11,-0.23,1.83,151.57,11.8,56.4,1.25,1.5,2.75,3.5,6.0,7.5,2.75,7.0,2.5,7.75,6.5,5.0,6.5,0.08,0.08,0.95,963.2,1.6,-23.5
4.28,0.0,0.0,1.75,1.75,2.5,0.0,0.0,0.0,0.0,0.0,0.0,0.0,0.0,-1.17,-1.3,1.89,28.92,13.9,56.8,0.5,1.75,2.75,5.25,6.5,7.5,2.75,7.0,3.0,7.25,6.5,5.0,6.25,0.08,0.08,0.95,937.0,1.1,-20.6
4.3,0.0,0.0,1.0,0.75,1.75,0.25,0.0,0.0,0.0,0.0,0.0,0.25,0.0,-1.05,-0.92,0.95,0.0,9.9,45.6,1.0,2.0,3.0,5.25,6.75,7.75,3.75,7.0,3.0,7.25,6.25,3.75,6.0,0.08,0.08,0.95,933.71,0.7,-15.5
4.32,0.25,0.0,1.0,3.25,0.0,0.0,0.0,0.0,0.0,0.0,0.0,0.0,0.0,-0.61,-0.36,0.27,0.0,22.7,60.5,1.25,2.0,4.0,5.75,7.25,7.75,4.25,6.75,3.0,6.5,5.5,3.5,5.5,0.08,0.08,0.95,949.46,-0.4,-9.7
4.34,0.0,1.0,1.25,3.0,3.5,0.25,0.0,0.0,0.0,0.0,1.0,0.25,0.5,-0.36,-0.36,0.2,0.0,8.9,37.4,1.25,1.75,5.25,7.0,8.25,8.0,4.5,6.5,3.0,5.75,5.5,2.5,4.0,0.08,0.14,0.95,971.14,-1.9,-0.8
4.36,0.0,0.0,0.75,0.75,0.0,0.0,0.0,0.0,0.0,0.0,0.0,0.5,0.0,-0.36,-0.3,0.39,0.0,23.1,18.4,1.5,1.75,5.25,7.75,8.5,8.0,4.75,6.5,2.5,5.25,4.5,2.25,3.5,0.08,0.14,0.95,982.57,-2.3,4.0
4.38,0.25,1.0,3.0,2.25,4.25,1.0,0.0,0.0,0.5,1.0,0.75,1.25,0.5,-0.42,-0.36,0.77,21.47,8.7,24.3,3.0,2.5,6.0,9.0,9.25,8.0,4.75,5.75,2.25,4.0,3.75,2.25,2.5,0.08,0.14,0.95,1001.25,-4.6,15.0
4.4,0.0,0.5,3.0,2.25,4.25,0.0,0.0,0.0,0.25,0.5,0.0,1.25,0.0,-0.42,-0.3,1.02,80.12,12.0,35.3,3.25,2.0,6.75,10.0,9.5,8.0,5.25,5.5,2.25,3.75,3.75,1.5,2.25,0.08,0.14,0.95,1021.2,-5.5,18.7
4.42,0.0,0.0,2.75,2.25,4.25,1.0,0.0,0.0,0.5,0.0,0.5,1.25,0.5,-0.42,-0.05,0.95,145.07,9.1,25.8,5.5,2.75,7.0,11.0,11.0,8.0,5.25,4.75,1.75,3.5,3.25,1.25,2.25,0.08,0.14,0.95,1076.21,-6.8,26.5
4.44,0.25,1.0,3.0,0.75,4.25,0.0,0.0,0.0,0.5,1.0,0.5,1.5,0.0,-0.42,0.2,0.95,170.6,10.7,24.1,5.75,3.0,7.75,12.5,11.0,8.25,5.5,4.5,1.5,3.5,2.75,1.0,2.0,0.02,0.14,0.95,1138.54,-7.6,30.3
4.46,0.25,1.0,3.0,1.0,4.25,0.0,0.0,0.0,0.0,0.25,0.5,1.0,0.75,-0.3,0.27,1.14,196.69,10.9,30.2,5.75,3.0,8.75,12.5,11.5,8.0,5.75,3.25,1.0,3.5,2.5,1.0,1.5,0.02,0.14,0.95,1187.13,-8.7,34.3
4.48,0.25,1.0,2.5,2.0,4.25,1.0,0.0,0.0,0.25,0.5,0.5,1.25,0.5,-0.23,0.39,1.45,215.51,8.2,28.5,7.0,3.0,8.75,14.0,12.0,8.25,5.75,3.25,1.0,2.75,2.5,0.75,1.5,0.02,0.14,0.95,1236.16,-9.4,37.7
4.5,0.25,1.0,2.75,1.75,4.25,1.0,0.0,0.0,0.0,0.5,0.5,1.5,0.5,-0.23,0.58,1.52,226.98,8.5,27.3,7.25,3.5,9.25,14.0,12.0,8.0,5.75,2.5,0.75,2.25,2.5,0.75,1.25,0.02,0.14,0.95,1261.6,-10.4,41.1
4.52,0.25,1.0,2.75,2.25,4.25,1.0,0.0,0.0,0.25,0.5,0.5,1.5,0.5,-0.3,0.7,1.7,238.43,8.9,27.3,8.0,2.5,9.25,12.5,11.5,7.75,5.5,1.75,0.5,2.25,2.5,0.75,0.5,-0.05,0.2,0.95,1239.18,-11.3,43.3
4.54,0.25,0.75,3.0,1.75,4.25,1.0,0.0,0.0,0.5,0.75,0.5,1.25,0.5,-0.55,0.83,1.95,241.09,8.7,25.1,8.75,2.5,10.5,13.0,13.5,7.75,5.25,1.0,0.75,2.25,1.5,0.75,0.25,-0.05,0.2,1.02,1237.25,-11.9,47.7
4.56,0.25,0.75,2.75,1.75,4.25,1.0,0.0,0.0,0.5,0.75,0.75,1.5,0.5,-0.67,1.2,2.39,240.66,8.2,20.8,9.25,4.0,11.0,14.5,13.5,7.25,4.75,1.75,1.0,2.0,2.0,0.25,1.0,-0.05,0.2,1.02,1275.37,-12.1,47.4
4.58,0.25,0.0,2.25,2.0,4.25,1.0,0.0,0.0,0.5,0.75,0.5,1.0,0.5,-0.36,1.58,2.2,229.09,7.0,22.0,9.0,3.75,10.5,14.0,12.5,0.0,4.0,1.0,0.5,0.5,1.75,0.25,0.0,-0.05,0.27,1.08,1203.66,-17.6,56.6
4.6,0.0,1.0,2.75,1.75,4.25,1.0,0.0,0.0,0.5,0.0,0.5,1.0,0.25,0.7,2.27,2.02,223.93,9.5,35.0,9.5,3.0,11.0,14.5,11.5,6.25,2.25,0.25,0.25,0.0,1.0,0.75,0.5,0.02,0.33,1.08,1162.8,-14.7,56.2
4.62,0.0,1.0,2.5,1.75,4.25,1.0,0.0,0.0,0.25,0.0,0.5,1.0,0.5,1.77,2.7,0.83,208.63,8.5,33.1,10.5,5.25,10.5,15.5,11.5,5.0,0.75,0.25,0.0,0.5,1.5,0.75,1.25,0.08,0.33,1.14,1137.7,-14.7,55.4
4.64,0.0,0.75,2.25,1.75,4.25,1.0,0.0,0.25,0.25,1.25,0.5,0.5,0.25,1.95,3.45,-0.17,208.1,5.6,28.0,11.0,4.75,11.5,15.0,11.0,5.5,0.0,0.0,0.25,0.25,1.5,0.75,1.0,0.14,0.39,1.14,1137.49,-15.3,56.6
4.66,0.25,0.75,2.25,1.75,4.25,1.0,0.0,0.25,0.0,0.75,0.5,1.0,0.5,2.2,4.27,-0.3,206.61,6.5,26.6,9.5,4.0,9.25,11.0,8.25,5.0,0.0,0.25,0.0,0.25,1.25,0.0,1.0,0.2,0.52,1.27,1026.64,-15.2,58.0
4.68,0.75,0.75,0.5,1.0,0.0,1.0,0.0,0.0,0.0,1.25,0.0,1.5,0.25,2.08,3.27,-0.11,173.29,5.8,-2.4,9.75,3.75,8.5,7.25,6.75,4.0,0.0,0.25,0.25,2.0,1.75,0.25,1.0,0.39,0.83,2.52,898.63,-14.9,50.7
4.7,0.25,0.75,1.75,1.0,3.75,1.0,0.0,0.25,0.5,0.5,1.25,2.0,2.5,-0.3,-0.42,2.33,181.47,3.6,-7.7,8.25,2.5,5.25,5.75,5.5,4.25,0.0,0.25,0.25,0.0,1.75,0.75,0.75,0.89,1.27,3.64,703.0,-14.3,51.7
4.72,0.25,0.5,1.0,0.25,0.0,0.0,0.0,1.5,0.5,0.0,1.25,3.75,4.5,0.08,-0.05,1.02,181.82,1.6,-68.7,6.25,1.5,2.75,5.25,2.75,3.25,0.0,0.25,0.75,0.75,1.75,0.5,0.75,0.2,0.45,2.64,500.59,-13.1,42.3
4.74,0.75,1.0,1.0,2.0,0.0,3.5,0.0,3.5,2.0,4.5,4.0,7.5,6.5,-0.86,1.08,5.83,285.56,-1.4,-53.4,1.25,0.75,2.75,2.0,4.5,0.0,0.0,0.0,0.5,0.25,1.75,0.0,0.25,0.64,-0.05,2.33,311.58,-13.1,38.5
4.76,0.75,1.0,2.25,3.5,3.75,4.5,1.0,6.25,3.0,9.25,7.75,8.75,8.5,0.45,0.89,1.27,508.71,-1.3,-43.6,1.25,0.5,1.25,1.25,1.0,0.0,0.0,0.0,0.25,0.0,0.25,0.25,1.0,0.89,-0.42,1.64,173.18,-15.1,29.6
4.78,0.75,0.25,0.0,3.5,0.0,4.5,0.0,7.0,3.0,8.5,8.25,8.5,9.25,0.08,0.08,1.08,745.74,-3.5,-59.1,0.25,0.0,1.25,0.5,1.0,0.25,0.0,0.0,0.25,0.0,0.25,0.0,0.0,1.39,-0.73,1.39,26.44,-16.0,44.2
4.8,1.0,1.0,3.0,3.5,4.25,4.75,1.25,7.0,2.5,5.5,8.0,8.25,9.0,-0.11,0.02,0.95,937.68,-0.2,-38.3,0.25,0.0,0.5,0.5,1.0,0.0,0.0,0.0,0.25,0.25,0.5,0.0,0.25,0.77,-1.42,1.02,0.0,-9.2,14.5
4.82,0.75,0.25,3.0,3.5,3.75,4.75,1.0,7.25,2.5,6.0,7.5,8.25,9.0,-0.11,0.08,0.95,1029.73,-0.9,-41.8,0.25,0.0,0.75,0.5,1.0,2.0,0.0,0.0,0.5,0.0,0.5,0.0,0.0,0.27,-0.48,1.14,0.0,-1.9,30.8
4.84,0.75,1.0,3.0,3.5,4.25,5.0,0.0,7.25,2.5,8.5,7.5,8.25,9.0,-0.11,0.08,0.95,1091.14,-1.7,-40.7,0.5,0.0,0.25,0.0,0.5,0.0,0.0,0.0,0.5,0.25,0.25,0.0,0.0,0.14,-0.36,0.33,0.0,-12.6,15.8
4.86,0.75,1.0,3.0,3.5,3.75,5.0,0.75,7.25,2.75,8.5,7.5,8.25,9.0,-0.11,0.08,0.95,1112.41,-1.4,-41.2,1.0,0.25,0.25,0.0,0.5,2.75,0.75,0.25,0.75,0.75,1.5,0.25,0.5,0.27,-0.23,0.27,0.0,0.0,-2.9
4.88,1.0,1.0,3.0,3.5,4.25,5.0,1.75,7.25,3.0,8.25,7.75,8.25,9.0,-0.11,0.08,0.95,1147.56,-0.9,-39.3,0.5,0.0,1.75,0.5,1.0,0.5,0.75,0.25,0.5,0.75,1.5,0.0,0.5,0.39,-0.3,0.39,0.0,-10.9,2.6
4.9,1.25,0.0,3.0,3.5,4.25,5.25,1.75,7.0,3.0,8.5,7.5,8.25,9.0,-0.11,0.02,0.95,1153.83,-1.1,-40.8,0.5,0.25,0.5,0.5,0.5,0.5,0.75,0.25,0.25,0.25,1.5,0.0,0.25,0.39,-0.23,0.83,0.0,-9.6,2.4
4.92,1.25,0.0,3.0,3.5,4.25,5.5,2.25,7.25,3.0,8.0,7.5,8.25,8.25,-0.11,0.02,0.95,1133.52,-0.8,-39.1,0.0,0.25,0.25,0.5,0.5,0.5,0.25,0.0,0.25,0.25,0.25,0.0,0.0,0.33,-0.11,0.95,2.98,-5.0,25.5
4.94,1.0,0.0,3.0,3.75,4.25,5.75,2.25,7.0,3.25,7.75,7.0,7.75,8.25,-0.11,0.02,0.95,1075.66,-1.0,-37.9,0.0,0.25,0.0,0.5,0.5,0.25,0.0,0.0,0.25,0.25,0.25,0.0,0.0,0.27,0.14,1.02,12.18,-2.8,20.6
4.96,1.25,1.0,3.25,3.75,4.75,5.75,2.5,7.25,3.5,7.75,7.0,7.5,7.75,-0.11,0.08,0.95,1029.59,-0.4,-32.8,0.0,0.0,0.0,0.5,0.5,0.25,0.0,0.0,0.25,0.25,0.75,0.0,0.0,0.33,0.33,1.08,17.2,-3.3,-5.4
4.98,1.25,0.0,3.25,3.75,5.0,5.75,2.5,7.25,3.75,7.75,7.0,7.0,7.25,-0.11,0.08,0.95,965.34,-0.5,-33.4,0.5,0.0,0.0,0.5,0.5,0.5,0.0,0.0,0.25,0.25,0.25,0.0,0.0,0.33,0.52,1.2,27.89,-5.1,27.4
5.0,1.5,0.0,3.5,3.75,6.0,5.75,3.0,7.25,3.75,7.5,7.0,7.0,7.25,-0.11,0.08,0.95,938.76,-0.1,-30.5,1.25,0.5,0.0,1.25,0.5,0.5,0.25,0.0,0.75,0.75,0.75,0.25,0.0,0.33,0.64,1.45,57.81,-10.3,18.7
5.02,1.25,1.0,4.0,4.5,6.0,5.75,3.5,7.25,4.25,7.25,6.75,7.0,6.5,-0.05,0.08,0.95,948.88,0.8,-25.6,1.25,1.0,1.25,1.0,1.0,0.75,0.75,0.25,0.75,2.0,1.5,0.75,0.0,0.33,0.7,1.7,106.75,-9.0,5.9
5.04,2.0,1.0,4.5,5.5,6.75,6.25,3.5,7.25,4.25,7.25,6.5,6.5,6.25,-0.05,0.08,0.95,978.03,1.5,-19.7,0.0,0.0,2.0,0.5,1.0,0.5,0.5,0.25,0.25,0.5,1.5,0.0,0.5,0.52,0.89,1.89,123.83,-10.8,2.3
5.06,2.0,1.0,5.0,5.5,6.75,6.5,4.25,7.25,4.25,6.5,6.5,6.0,5.5,-0.05,0.08,0.95,1001.02,2.2,-16.3,1.25,0.5,1.0,0.75,1.0,1.5,0.75,0.25,0.5,0.75,1.5,0.25,0.25,0.64,1.14,2.2,144.25,-8.1,14.4
5.08,2.25,1.25,5.25,6.5,7.0,7.0,4.25,7.0,4.5,6.0,6.0,5.25,5.25,-0.11,0.08,0.95,1026.55,2.7,-11.0,1.0,0.5,1.5,0.75,0.5,2.0,0.75,0.25,0.5,1.0,1.5,0.25,0.5,0.64,1.45,2.27,155.12,-7.1,8.4
5.1,2.5,1.25,5.25,7.0,7.75,7.0,4.75,6.5,4.5,5.5,5.75,5.25,4.5,-0.05,0.08,0.95,1045.37,3.4,-7.0,1.0,1.0,1.0,0.75,0.5,2.0,0.75,0.25,0.5,0.75,1.5,0.25,0.5,0.45,1.89,2.02,161.29,-6.3,12.4
5.12,3.0,1.25,5.5,7.75,8.25,7.0,5.0,6.25,4.5,4.75,5.0,4.25,4.25,-0.05,0.08,0.95,1057.5,4.1,-0.9,0.0,0.0,1.25,0.25,1.0,0.75,0.75,0.25,0.25,1.5,1.5,0.0,0.5,0.14,2.33,0.45,153.59,-3.7,-14.1
5.14,3.0,1.25,6.5,9.0,8.5,7.0,5.5,6.25,4.25,4.25,4.0,3.75,2.75,-0.05,0.08,0.95,1063.54,5.4,6.8,0.0,0.0,0.0,0.0,0.25,0.75,0.0,0.0,0.25,0.25,0.25,0.0,0.25,-0.48,2.7,0.08,120.66,9.5,-17.7
5.16,3.75,1.5,7.0,11.5,8.75,7.0,5.75,6.25,3.75,4.25,4.0,3.5,2.5,-0.05,0.08,0.95,1098.58,6.4,11.9,0.0,0.0,0.0,0.5,0.25,0.25,0.0,0.0,0.25,0.0,0.25,0.0,0.25,-1.55,4.27,0.2,82.23,-2.6,-1.2
5.18,4.0,2.0,8.0,12.0,9.5,7.0,6.25,5.75,3.75,3.75,3.5,2.25,2.25,-0.05,0.08,0.95,1137.72,7.4,18.8,0.75,0.0,0.0,1.0,0.25,1.75,0.0,0.0,0.25,0.25,0.25,0.0,0.25,-1.67,3.39,1.95,62.54,-0.4,26.9
5.2,5.5,2.25,8.5,13.5,10.5,7.0,7.0,5.25,3.0,3.5,3.0,2.25,1.5,-0.05,0.08,0.95,1198.07,8.8,25.9,0.0,0.0,0.0,1.0,0.25,0.5,0.0,0.0,0.25,0.25,0.0,0.75,1.25,-0.55,0.08,0.33,53.8,1.3,-36.7
5.22,5.75,1.25,9.0,15.0,10.5,7.0,6.75,5.0,2.5,2.5,1.75,2.0,1.5,-0.05,0.08,0.95,1230.72,9.6,30.4,0.0,0.0,0.25,0.5,0.25,0.5,0.0,0.0,0.25,4.0,0.0,2.25,2.25,0.27,0.08,1.58,89.01,6.2,-70.9
5.24,6.25,2.0,10.0,16.0,13.0,7.0,7.25,4.0,2.0,0.5,1.5,2.0,1.5,-0.05,0.14,0.95,1278.58,10.9,38.2,0.25,1.25,1.75,2.5,2.25,1.25,0.0,1.75,1.0,6.25,3.75,4.25,5.5,0.02,0.83,2.33,214.96,0.4,-41.7
5.26,7.25,2.25,11.0,16.5,12.5,6.75,7.5,3.5,1.25,1.25,1.5,1.5,1.0,-0.05,0.14,1.02,1309.23,12.0,41.7,0.75,1.0,1.0,3.5,0.0,5.25,0.0,3.25,2.0,8.5,5.5,7.0,6.75,-0.11,0.95,1.7,372.22,2.5,-48.7
5.28,8.0,2.5,11.5,18.5,13.0,5.75,7.75,2.25,1.25,1.25,0.0,2.0,1.0,-0.11,0.14,1.08,1340.76,13.4,45.9,1.5,0.25,2.75,2.75,4.5,5.75,0.25,4.75,2.25,8.0,8.0,6.25,8.0,0.08,0.39,1.2,614.96,1.4,-37.5
5.3,8.75,2.75,12.5,17.0,13.0,4.5,7.5,0.5,0.5,0.75,1.5,1.5,0.75,-0.11,0.2,1.27,1344.65,15.6,49.8,0.0,0.75,2.75,2.75,4.5,6.0,0.75,4.25,1.75,7.25,6.5,5.75,7.25,0.08,0.02,0.89,779.59,2.2,-35.7
5.32,9.5,2.5,12.5,17.0,13.0,2.25,7.25,0.0,1.0,0.5,1.25,1.5,0.75,-0.17,0.2,1.33,1328.03,17.3,51.6,1.25,1.0,2.75,3.25,4.5,6.25,1.0,4.5,2.25,7.75,6.75,5.75,7.25,0.2,0.08,0.89,899.6,1.2,-31.5
5.34,10.5,2.75,12.5,16.5,12.0,1.0,6.0,1.75,1.0,0.5,1.25,1.75,0.5,-0.23,0.27,1.39,1298.75,17.7,50.5,1.25,1.25,2.75,3.25,5.0,6.25,1.75,4.75,2.25,8.25,7.25,5.75,7.5,0.08,0.14,0.95,962.97,1.1,-30.8
5.36,9.75,2.25,12.5,13.5,9.25,0.75,4.25,1.75,1.0,0.5,1.25,1.5,0.5,-0.36,0.39,1.58,1186.26,18.7,50.0,1.25,1.25,3.0,3.75,5.0,6.5,2.75,5.0,3.0,8.25,7.75,6.25,7.5,0.08,0.14,0.95,1030.66,0.3,-30.0
5.38,10.5,2.5,11.0,9.0,7.25,0.25,3.0,1.5,1.0,0.75,1.25,1.5,0.5,-0.36,0.58,1.89,1020.36,19.7,50.0,2.0,1.5,3.5,3.5,5.5,6.75,3.0,5.25,3.0,8.25,8.25,5.75,7.5,0.08,0.14,0.95,1088.05,-0.2,-26.3
5.4,9.5,1.25,9.0,7.25,6.5,0.0,2.75,0.5,0.75,1.75,1.0,1.75,0.5,-0.42,0.77,2.52,821.38,19.5,46.0,2.5,1.5,4.5,4.0,6.5,7.25,3.25,5.25,3.0,7.25,7.5,4.25,6.5,0.08,0.08,0.95,1124.11,-1.2,-16.5
5.42,7.5,0.75,6.25,5.5,5.0,0.25,1.0,1.0,1.0,0.5,1.0,1.25,0.5,-0.3,0.33,2.52,608.79,18.7,45.3,2.75,1.25,5.25,5.0,6.75,7.25,3.75,4.75,3.0,6.5,6.5,3.5,5.5,0.08,0.14,0.95,1119.55,-2.5,-9.1
5.44,4.5,0.0,5.0,1.0,3.75,0.0,0.0,0.0,0.0,0.0,0.0,0.25,0.0,-0.73,0.45,2.14,369.87,23.3,66.1,3.5,1.5,5.5,5.25,7.0,7.5,4.0,4.5,3.0,6.0,5.5,3.0,4.25,0.08,0.14,0.95,1085.93,-3.5,-1.4
5.46,2.0,0.0,3.75,1.75,4.25,0.0,0.0,0.0,0.0,0.0,1.25,0.0,0.5,-0.98,-0.42,1.83,232.99,16.5,45.0,4.0,1.5,6.75,6.0,8.0,7.5,4.0,3.5,3.0,5.25,5.5,2.25,3.75,0.08,0.14,0.95,1044.91,-5.2,6.3
5.48,0.0,0.0,2.25,1.75,1.25,0.0,0.0,0.0,0.0,0.0,0.0,0.5,0.0,-0.8,-0.05,0.08,84.52,19.6,44.3,4.5,0.75,7.0,7.0,8.25,7.5,4.25,3.25,2.5,4.0,4.75,2.25,2.5,0.08,0.14,0.95,987.62,-6.6,13.2
5.5,0.0,0.0,2.0,1.0,0.5,0.0,0.0,0.0,0.0,0.0,0.0,0.0,0.0,-1.05,0.02,0.83,0.0,25.7,58.9,5.75,1.75,7.75,7.25,8.25,7.5,4.5,2.0,2.25,3.5,4.0,1.5,2.25,0.08,0.14,0.95,958.99,-8.5,22.9
5.52,0.0,0.0,2.0,0.75,0.0,0.25,0.0,0.0,0.0,0.0,0.0,0.25,0.0,-0.42,-0.05,0.52,0.0,26.7,45.6,7.0,2.75,8.75,8.75,8.25,7.0,4.5,1.75,1.5,2.25,3.25,0.75,1.5,0.02,0.14,0.95,949.24,-11.0,35.4
5.54,0.25,0.5,1.75,2.5,0.0,1.0,0.0,0.0,0.5,1.75,0.0,1.25,0.0,-0.11,0.14,0.52,0.0,10.0,8.3,8.0,3.25,9.25,9.0,8.5,5.75,4.0,0.0,1.5,2.25,2.5,0.75,0.5,0.02,0.14,1.14,940.93,-13.6,44.2
5.56,0.25,1.0,3.0,2.5,4.25,1.0,0.0,1.0,0.5,1.25,1.25,1.75,0.5,0.02,0.39,0.39,0.0,7.2,14.1,8.75,3.5,10.5,8.0,8.25,5.0,2.25,0.25,1.0,2.0,1.5,0.0,1.0,0.02,0.2,1.45,908.86,-14.6,49.6
5.58,0.0,1.0,3.75,1.75,1.25,1.25,0.0,1.0,0.5,0.5,0.75,1.25,0.5,0.02,0.77,-0.55,53.02,11.1,15.7,9.5,4.5,11.5,7.75,7.0,0.0,0.0,0.5,1.0,2.25,1.5,0.25,1.0,-0.55,0.64,0.64,851.3,-18.8,51.5
5.6,0.25,1.0,3.0,2.5,2.25,1.25,0.0,1.0,0.5,0.5,1.0,1.25,0.5,0.02,1.08,-0.8,123.33,9.3,18.2,9.75,4.5,11.0,6.75,1.75,3.25,0.0,0.25,1.0,2.25,1.25,0.0,1.0,0.33,0.2,1.33,766.05,-19.2,52.1
5.62,0.25,1.0,3.0,2.0,4.25,1.0,0.0,1.0,0.5,0.5,1.0,1.25,0.5,0.39,1.45,-0.48,170.5,7.8,21.6,9.5,4.5,9.25,5.5,2.75,0.0,0.0,0.25,0.75,0.75,0.25,0.0,1.0,0.33,0.45,1.7,646.15,-22.9,62.4
5.64,0.5,1.0,3.0,2.0,4.25,1.0,0.0,1.0,0.5,0.75,0.75,1.25,0.5,0.64,1.39,-0.23,209.47,7.8,22.6,8.0,2.75,7.0,3.25,0.0,0.0,0.0,0.0,0.75,0.75,0.0,0.0,0.0,0.39,0.58,2.27,476.72,-28.0,69.7
5.66,0.5,1.0,3.0,2.0,4.25,1.25,0.0,1.0,0.5,0.5,1.25,1.25,0.5,0.33,1.33,-0.05,239.36,7.8,21.4,6.75,2.0,3.25,2.0,0.0,0.0,0.0,0.0,0.75,0.5,0.0,0.0,0.0,0.64,0.7,2.02,321.68,-27.3,71.7
5.68,0.25,0.75,3.0,1.25,3.75,1.0,0.0,1.0,0.5,0.5,0.5,1.25,0.5,0.2,1.39,-0.23,252.13,7.5,20.2,5.5,1.25,1.0,1.0,0.0,0.0,0.0,0.0,0.5,0.5,0.0,0.0,0.0,0.14,0.83,1.83,202.02,-26.4,73.3
5.7,0.25,1.0,3.0,1.5,0.75,1.0,0.0,1.0,0.5,0.5,0.5,0.75,0.5,0.08,-0.42,-1.98,236.25,11.1,18.5,1.25,0.5,0.25,0.0,0.0,0.0,0.0,0.0,0.0,0.5,0.0,0.0,0.0,-0.05,-0.3,2.02,66.06,-20.2,58.6
5.72,0.5,1.0,3.0,2.0,3.75,1.0,0.0,0.25,0.5,1.0,0.5,1.0,0.5,-2.55,1.27,-0.67,235.33,8.9,26.4,1.25,1.25,0.0,0.0,0.0,0.0,0.0,0.25,0.5,1.75,0.25,0.25,0.25,0.02,-1.11,-0.48,0.0,-5.7,1.2
5.74,0.0,0.25,3.0,1.5,0.5,1.5,0.0,1.0,0.5,0.5,0.5,1.25,0.5,-1.42,1.08,-1.17,210.9,9.4,5.2,1.75,1.25,0.75,1.0,1.0,2.75,0.0,0.5,0.75,2.25,1.5,0.25,0.5,1.2,-0.3,1.08,0.0,-2.3,9.4
5.76,0.25,1.0,1.0,1.5,0.0,1.0,0.0,0.5,0.5,1.0,0.5,1.25,0.5,0.2,1.2,-0.8,181.01,6.3,-3.6,1.25,1.5,0.5,0.5,1.0,2.25,0.0,0.5,0.5,2.25,1.75,0.25,1.0,-0.05,-0.11,0.33,15.53,-0.4,-1.0
5.78,0.25,1.0,3.0,1.5,3.75,1.0,0.0,0.5,0.5,1.25,0.5,0.25,0.5,0.2,1.08,0.33,176.46,7.4,28.2,1.5,0.0,1.25,0.0,1.0,1.75,0.0,0.25,0.25,1.75,1.5,0.75,1.0,0.02,-0.3,0.02,45.88,-3.2,-11.1
5.8,0.0,0.0,0.75,0.75,0.0,1.0,0.0,0.0,0.25,1.5,0.0,0.75,0.0,-0.11,0.58,0.83,134.31,1.5,-16.0,1.0,0.0,1.25,0.5,1.0,0.0,0.0,0.25,0.25,2.25,1.5,0.75,1.0,-0.67,0.45,-0.23,61.17,-5.9,-23.4
5.82,0.25,1.0,3.25,1.0,3.75,1.75,0.0,1.0,0.5,1.5,0.5,1.25,0.5,-0.23,-0.42,1.08,165.15,5.3,16.4,1.0,0.25,1.75,0.5,1.0,1.25,0.0,0.25,0.25,2.0,1.5,0.75,0.75,-1.48,1.45,-0.67,81.17,-5.4,-7.7
5.84,0.25,0.75,3.0,1.0,3.75,1.0,0.0,1.0,0.5,1.75,0.5,1.25,0.5,0.08,-1.23,1.14,180.01,5.6,12.1,1.5,0.5,2.75,0.5,1.0,3.0,0.0,0.25,0.75,1.75,1.5,0.75,1.0,-2.05,1.77,-1.05,121.79,-5.9,4.8
5.86,0.5,1.0,3.0,1.0,4.25,1.0,0.0,1.0,0.5,0.5,0.5,1.25,0.5,-0.05,-1.05,-0.23,209.34,7.5,23.3,1.25,0.75,2.75,0.5,1.0,2.5,0.0,0.25,0.75,2.0,1.5,0.75,1.0,-1.23,0.95,-1.23,165.76,-6.1,2.8
5.88,0.25,0.75,3.0,0.75,4.25,1.0,0.0,0.25,0.25,0.0,0.5,1.0,0.5,-0.86,0.27,-2.36,209.68,8.8,30.7,0.75,0.75,2.0,0.0,1.0,1.0,0.0,0.25,0.25,1.75,1.5,0.25,0.75,-0.42,0.77,-0.55,182.75,-6.4,-0.8
5.9,0.5,0.0,0.75,0.0,4.75,0.75,0.0,0.25,0.25,0.0,0.5,0.25,0.5,-0.23,0.45,-1.98,194.24,1.1,29.5,0.5,0.75,1.75,0.5,1.0,0.25,0.5,0.25,0.0,0.5,0.75,0.0,0.75,0.52,0.95,-0.73,170.6,-11.7,20.3
5.92,0.5,0.0,0.75,0.25,2.25,1.0,0.0,0.75,0.0,0.5,0.5,1.5,0.5,0.45,0.02,-1.42,166.91,1.2,-5.0,0.0,0.25,0.0,0.0,0.0,0.5,0.0,0.0,0.25,0.25,0.0,0.0,0.25,-0.23,1.14,-0.55,119.25,8.0,-10.1
5.94,0.5,1.0,3.0,1.0,3.75,1.0,0.0,1.0,0.5,1.75,0.5,1.25,0.5,0.52,-0.55,0.27,180.22,6.1,14.7,0.0,0.25,0.0,0.0,0.0,2.0,0.0,0.0,0.25,0.5,0.0,0.0,0.25,-1.3,0.7,0.45,77.28,15.3,4.5
5.96,1.0,0.75,3.0,0.75,3.75,1.0,0.0,1.0,0.5,1.5,0.5,1.25,0.5,0.58,-1.3,-0.48,199.48,7.0,16.4,0.0,0.5,0.0,0.0,0.0,2.0,0.0,0.0,0.25,0.5,0.0,0.0,0.25,-2.55,-0.17,0.77,40.1,13.2,11.6
5.98,0.25,0.0,3.0,0.75,3.75,0.75,0.0,1.0,0.0,0.0,0.5,0.25,0.5,0.7,-0.36,-1.86,205.89,8.1,31.0,0.25,0.0,0.0,0.25,0.0,3.0,0.0,0.0,0.75,1.25,0.0,0.0,0.25,-2.67,-0.42,0.89,37.64,11.8,-3.0
6.0,0.25,0.0,1.0,0.75,0.0,1.0,0.0,0.0,0.0,0.0,0.0,0.25,0.0,1.02,0.39,-2.11,161.14,12.8,41.9,1.0,0.75,2.25,0.5,0.0,2.75,0.0,0.0,0.25,2.0,0.0,0.75,1.0,-2.23,-0.3,0.83,78.51,-4.0,6.4
6.02,0.25,0.0,0.75,0.75,0.0,1.0,0.0,0.0,0.0,0.0,0.0,0.25,0.0,1.39,0.33,-2.05,106.01,10.6,40.3,0.75,0.75,2.25,1.25,1.0,1.5,0.5,0.25,0.25,2.0,1.5,0.75,0.5,-1.61,-0.36,1.2,127.03,-7.5,4.6
6.04,0.25,0.0,0.75,0.75,0.0,0.25,0.0,0.0,0.0,0.0,0.0,0.25,0.0,1.14,0.2,-1.8,53.72,21.1,42.2,0.75,0.0,2.0,0.5,1.0,3.0,0.5,0.25,0.25,0.5,0.0,0.0,0.25,-1.17,-0.42,1.14,143.96,-4.4,34.7
6.06,0.25,0.0,1.75,0.0,0.0,0.25,0.0,0.0,0.0,0.0,0.0,0.25,0.0,0.52,-0.11,-1.48,16.13,29.3,45.0,0.75,0.0,2.25,0.0,1.0,1.5,0.5,0.25,0.0,0.0,1.25,0.0,0.75,-0.8,-0.3,0.89,142.15,-10.3,17.4
6.08,0.5,0.75,2.75,1.0,3.0,1.75,0.0,0.0,0.5,1.75,0.25,1.0,0.5,-0.48,-0.23,-1.17,73.23,6.0,18.4,1.25,0.0,1.75,0.5,1.0,2.75,0.5,0.25,0.25,2.0,1.5,0.75,0.75,-0.61,-0.23,0.89,155.45,-3.2,-2.7
6.1,0.25,0.0,2.75,0.25,3.75,1.0,0.0,0.0,0.0,0.0,0.5,0.25,0.5,-1.36,-0.42,-0.8,109.99,8.6,35.9,0.0,0.0,1.75,0.0,1.0,2.0,0.5,0.25,0.0,0.0,1.5,0.0,1.0,-0.42,-0.11,0.83,148.67,-3.4,1.3
6.12,0.5,0.0,1.0,0.25,3.75,1.25,0.0,0.0,0.5,1.5,0.0,1.0,0.5,-1.86,-0.8,-0.61,145.3,0.2,9.0,1.75,0.25,1.75,1.5,1.0,2.75,0.5,0.25,0.0,2.25,1.5,0.75,0.75,-0.23,0.08,0.45,179.82,-4.9,5.9
6.14,0.5,0.75,2.25,1.0,3.5,1.0,0.0,0.0,0.5,1.5,0.5,1.0,0.5,-1.17,-0.73,-0.61,169.92,6.4,17.5,1.25,0.25,2.5,0.75,1.0,2.75,0.5,0.25,0.25,2.0,1.5,0.75,0.75,0.02,0.08,0.2,199.34,-5.6,3.6
6.16,0.5,1.0,2.25,1.0,3.75,1.0,0.0,0.0,0.5,1.75,0.5,1.25,0.5,-1.36,-0.36,-0.48,192.09,6.0,15.9,1.0,0.0,2.25,1.25,1.0,2.75,0.5,0.25,0.25,2.0,1.25,0.75,0.5,0.08,-0.05,0.14,216.1,-5.0,4.8
6.18,0.5,1.0,3.0,0.75,3.5,1.0,0.0,0.0,0.5,1.75,0.5,1.25,0.5,-1.17,-0.36,-0.42,205.3,7.6,16.8,0.75,0.25,2.0,0.75,1.0,2.75,0.0,0.0,0.75,2.25,0.0,0.75,0.5,0.02,-0.05,0.08,207.41,-2.5,6.6
6.2,0.75,0.75,2.75,1.0,2.5,1.0,0.0,0.25,0.5,1.75,0.5,1.5,0.5,-0.8,-0.3,-0.3,219.75,8.1,10.4,1.0,0.25,2.0,0.75,1.0,0.5,0.5,0.25,0.5,1.5,1.5,0.75,0.75,-0.05,-0.11,0.14,195.61,-10.0,-4.1
6.22,0.5,0.5,2.75,1.0,1.75,1.0,0.0,0.0,0.25,1.75,0.5,1.5,0.5,-0.61,-0.55,-0.3,222.31,8.7,5.8,0.5,0.0,1.75,1.0,1.0,0.75,0.5,0.25,0.75,2.0,1.5,0.75,0.75,0.02,-0.61,0.2,179.6,-6.6,-13.7
6.24,0.5,0.75,2.25,0.75,2.5,1.25,0.0,0.25,0.5,1.75,0.5,1.25,0.5,-0.73,-0.55,-0.17,220.42,5.7,8.6,0.0,0.0,1.75,0.5,1.0,0.75,0.5,0.25,0.75,2.0,1.5,0.75,1.0,0.27,-0.92,-0.11,163.85,-4.4,-24.5
6.26,0.75,0.75,3.0,0.75,3.0,1.0,0.0,0.25,0.25,1.75,1.0,1.25,0.5,-0.8,-0.55,-0.11,219.84,8.0,12.1,0.0,0.0,1.75,0.5,1.0,0.5,0.5,0.25,0.25,0.25,1.0,0.0,0.5,0.14,-0.61,-0.17,140.45,-10.8,8.8
6.28,0.5,0.5,2.5,1.0,3.0,1.0,0.0,0.25,0.5,1.75,0.5,1.5,0.5,-0.86,-0.55,-0.17,217.88,6.5,8.1,0.75,0.5,0.0,0.5,0.25,2.75,0.5,0.25,0.75,2.0,1.5,0.75,0.75,-0.05,-0.48,-0.17,140.08,2.5,-18.9
6.3,0.5,0.75,2.5,0.75,2.5,1.0,0.0,0.25,0.5,1.75,0.5,1.25,0.5,-0.73,-0.55,-0.17,210.83,6.8,9.2,0.25,0.25,2.0,0.0,1.0,2.5,0.5,0.25,0.5,2.0,1.5,0.75,0.75,-0.11,-0.55,-0.11,144.72,-1.8,-11.0
6.32,0.5,0.75,2.75,0.75,3.5,1.0,0.0,0.25,0.0,1.75,0.5,1.25,0.5,-0.42,0.08,-0.8,205.27,6.4,15.4,1.0,0.75,1.75,0.0,1.0,3.0,0.5,0.25,0.25,0.25,1.5,0.75,0.5,-0.3,-0.61,0.08,152.81,-5.4,13.9
6.34,0.5,0.75,2.75,1.0,3.0,1.0,0.0,0.25,0.0,1.75,0.5,1.25,0.5,-0.48,0.2,-0.55,205.97,7.0,14.6,0.5,1.0,2.25,1.0,1.25,2.5,0.5,0.25,0.5,1.75,1.25,0.75,1.0,-0.48,-0.61,0.14,175.11,-4.5,4.6
6.36,0.5,1.0,3.0,1.0,3.0,1.0,0.0,0.25,0.0,1.75,0.5,1.0,0.5,-0.42,-0.17,-0.36,205.31,7.6,19.2,0.0,1.0,0.0,0.0,1.0,3.0,0.25,0.0,0.5,0.25,0.0,0.75,0.75,-0.73,-0.73,0.39,157.15,7.2,7.9
6.38,0.5,0.75,2.25,1.0,2.25,1.0,0.0,0.0,0.25,1.75,0.0,1.25,0.5,-0.05,-0.05,-0.3,194.56,6.8,13.5,0.0,0.0,1.0,0.0,0.25,1.75,0.0,0.0,0.25,0.25,0.75,0.75,0.5,-1.11,-0.67,0.64,131.03,-1.3,-15.9
6.4,0.5,0.75,2.25,0.75,2.5,1.0,0.0,0.25,0.5,1.75,0.5,1.5,0.5,-0.3,0.02,-0.42,191.84,6.2,5.9,0.75,0.0,0.0,0.0,0.25,1.75,0.25,0.25,0.5,1.25,1.5,0.0,0.5,-1.48,-0.3,0.58,105.72,2.9,-21.6
6.42,0.5,0.75,2.5,1.0,3.0,1.25,0.0,0.5,0.5,1.75,0.5,1.5,0.25,-0.55,0.02,-0.36,195.11,6.1,11.5,0.0,0.0,0.0,0.0,1.0,1.5,0.0,0.0,0.5,0.0,0.25,0.0,0.5,-1.55,-0.05,0.64,79.76,9.0,4.2
6.44,0.5,0.75,2.25,0.75,3.75,1.0,0.0,0.5,0.25,1.75,0.5,1.25,0.5,-0.73,-0.05,-0.3,201.83,4.7,12.7,0.0,0.25,0.0,0.0,0.25,1.75,0.0,0.0,0.25,1.5,0.25,0.0,0.0,-1.55,0.02,0.64,62.51,12.7,-10.4
6.46,0.75,0.5,2.25,1.0,3.0,1.0,0.0,0.5,0.25,1.75,0.5,1.25,0.5,-0.67,-0.05,-0.17,204.42,5.8,10.8,0.0,0.0,0.0,0.0,0.25,1.75,0.0,0.0,0.25,0.25,0.25,0.0,0.0,-1.3,-0.05,0.7,45.04,13.8,9.3
6.48,0.5,1.0,2.25,0.75,3.0,1.0,0.0,0.5,0.5,1.75,0.5,1.25,0.5,-0.73,-0.17,-0.11,204.98,5.5,10.8,0.0,0.0,0.0,0.0,0.0,1.75,0.0,0.0,0.5,0.0,0.25,0.0,0.25,-1.05,-0.3,0.77,34.65,12.3,-3.5
6.5,0.5,0.5,2.75,0.75,3.5,1.0,0.0,0.5,0.5,1.75,0.5,1.5,0.5,-0.92,-0.23,-0.17,207.49,6.1,9.1,0.0,0.0,0.0,0.0,0.0,1.75,0.0,0.0,0.25,0.5,0.25,0.0,0.25,-1.05,-0.42,0.77,24.96,15.0,-12.9
6.52,0.5,1.0,2.5,0.75,3.5,1.5,0.0,0.5,0.0,1.75,0.0,1.25,0.5,-1.3,-0.11,-0.67,209.75,4.4,18.8,1.0,0.5,0.0,0.5,0.25,2.75,0.0,0.0,0.5,1.75,0.25,0.75,0.25,-1.17,-0.42,0.83,49.05,3.3,-0.3
6.54,0.5,0.75,2.5,0.75,1.75,1.0,0.0,0.0,0.25,1.75,0.25,1.25,0.25,-1.8,-0.23,-0.42,198.09,8.4,12.4,0.0,0.0,0.0,0.0,0.0,0.5,0.0,0.0,0.25,0.0,0.25,0.0,0.0,-1.17,-0.42,0.89,36.8,5.3,-12.1
6.56,0.5,0.5,2.25,1.0,3.5,1.0,0.0,0.0,0.25,1.75,0.5,1.25,0.5,-1.61,-0.11,-0.61,195.68,5.8,12.9,0.0,0.0,0.0,0.0,0.25,0.75,0.0,0.0,0.25,0.0,0.25,0.0,0.0,-1.17,-0.36,0.95,31.43,7.7,7.9
6.58,0.5,1.0,2.75,0.75,3.0,1.0,0.0,0.0,0.5,1.75,0.5,1.25,0.25,-1.48,0.14,-0.61,194.82,7.9,16.8,0.75,0.5,0.0,0.0,0.25,3.0,0.0,0.0,0.5,2.0,0.25,0.75,0.25,-1.05,-0.42,0.83,52.3,6.7,-8.2
6.6,0.5,0.5,2.25,0.75,2.5,1.0,0.0,0.0,0.25,1.75,0.5,1.25,0.25,-1.23,0.14,-0.67,189.51,6.9,10.7,0.75,0.5,1.75,0.0,1.0,3.0,0.0,0.25,0.25,1.75,1.5,0.75,1.0,-0.86,-0.61,0.83,106.89,-0.8,-5.4
6.62,0.5,0.5,2.5,1.0,3.0,1.0,0.0,0.0,0.0,1.75,0.25,1.25,0.5,-0.92,0.14,-0.61,188.35,6.6,14.7,1.0,0.5,1.75,0.0,1.0,2.75,0.0,0.0,0.25,1.5,1.5,0.75,0.5,-0.8,-0.67,0.77,145.94,-3.4,2.7
6.64,0.5,1.0,2.5,0.75,1.75,1.0,0.0,0.0,0.25,1.75,0.5,1.25,0.5,-0.73,0.08,-0.67,182.17,8.1,9.9,0.75,0.5,1.75,0.5,1.0,2.75,0.0,0.25,0.25,1.5,1.5,0.75,0.75,-0.8,-0.73,0.7,177.8,-2.6,0.1
6.66,0.5,0.5,2.75,1.0,3.5,1.0,0.0,0.0,0.25,1.75,0.5,1.25,0.5,-0.55,0.02,-0.61,187.53,7.0,14.7,0.75,0.5,1.75,0.5,0.0,3.0,0.0,0.0,0.5,1.25,0.25,0.75,0.0,-0.86,-0.73,0.77,181.74,-4.3,15.6
6.68,0.5,0.75,2.25,1.0,2.25,1.0,0.0,0.0,0.0,1.5,0.5,1.25,0.25,-0.42,-0.05,-0.48,182.31,7.8,15.5,0.5,0.5,1.75,0.75,1.0,2.75,0.0,0.25,0.5,1.25,1.5,0.75,0.75,-0.86,-0.61,0.7,187.47,-2.9,0.2
6.7,0.5,0.5,2.75,1.0,3.0,1.0,0.0,0.0,0.25,1.75,0.0,1.0,0.25,-0.48,-0.05,-0.42,185.11,7.7,21.4,0.75,0.75,1.75,0.5,1.0,3.0,0.5,0.25,0.5,1.25,1.5,0.75,0.5,-0.92,-0.48,0.7,192.44,-3.8,6.2
6.72,0.5,0.5,2.25,0.75,2.25,1.0,0.0,0.25,0.25,1.75,0.5,1.5,0.25,-0.55,-0.05,-0.36,179.98,6.6,6.1,1.0,1.0,1.75,0.75,1.0,3.0,0.0,0.25,0.25,1.25,1.5,0.75,0.5,-0.92,-0.42,0.77,202.47,-4.1,11.2
6.74,0.5,0.5,2.5,0.75,3.5,1.0,0.0,0.0,0.25,1.75,0.5,1.25,0.5,-0.73,0.02,-0.36,185.73,6.2,13.0,1.0,1.0,1.75,0.75,1.0,3.0,0.0,0.25,0.5,1.25,1.5,0.75,0.5,-0.98,-0.3,0.77,208.11,-4.3,10.2
6.76,0.5,0.5,2.75,0.75,2.5,1.0,0.0,0.0,0.25,1.75,0.5,1.25,0.5,-0.92,0.02,-0.36,186.41,7.7,10.3,0.75,0.75,1.75,0.75,1.0,3.0,0.0,0.25,0.25,0.75,1.5,0.75,0.75,-1.11,-0.17,0.7,206.54,-3.8,8.7
6.78,0.5,0.5,2.75,0.75,2.5,1.0,0.0,0.0,0.0,1.75,0.5,1.0,0.5,-1.05,0.14,-0.42,187.62,7.6,13.7,1.0,0.5,1.75,0.75,1.0,3.0,0.0,0.25,0.25,0.75,1.5,0.75,0.75,-1.23,0.02,0.7,204.9,-4.2,8.5
6.8,0.5,0.75,3.0,0.75,2.25,1.0,0.0,0.0,0.0,1.75,0.5,0.75,0.5,-0.98,0.2,-0.48,183.73,8.6,18.1,1.0,0.5,1.5,0.75,1.0,3.0,0.0,0.25,0.25,1.0,1.5,0.75,0.5,-1.3,0.14,0.7,194.08,-3.4,8.1
6.82,0.5,0.5,3.0,0.75,2.5,1.0,0.0,0.0,0.0,1.75,0.5,1.25,0.5,-0.98,0.27,-0.48,184.26,8.2,12.2,1.0,0.0,1.75,0.75,1.0,3.0,0.0,0.25,0.25,0.75,1.5,0.75,0.75,-1.3,0.33,0.64,182.87,-3.8,4.5
6.84,0.5,0.5,3.0,1.0,2.5,1.5,0.0,0.0,0.0,1.0,0.5,1.0,0.5,-0.98,0.27,-0.55,185.31,8.7,21.8,1.0,0.5,1.25,0.5,1.0,3.0,0.0,0.25,0.25,0.75,1.5,0.75,0.5,-1.17,0.39,0.52,174.45,-2.7,7.6
6.86,0.5,0.75,2.75,0.75,3.0,1.0,0.0,0.0,0.0,1.75,0.0,1.5,0.25,-0.98,0.27,-0.48,186.98,7.6,18.3,1.0,0.5,1.5,0.5,1.0,3.0,0.0,0.0,0.25,1.25,1.5,0.75,0.5,-1.05,0.33,0.45,173.28,-3.1,6.2
6.88,0.5,0.5,3.0,0.75,3.5,1.0,0.0,0.0,0.0,1.75,0.5,1.25,0.5,-0.92,0.27,-0.48,193.65,7.3,15.7,1.0,0.5,1.75,0.5,1.0,2.75,0.0,0.0,0.25,0.75,1.5,0.75,0.75,-0.86,0.33,0.39,171.21,-4.9,7.8
6.9,0.25,0.75,3.0,0.75,2.5,1.0,0.0,0.0,0.0,1.75,0.5,1.0,0.25,-0.92,0.27,-0.42,191.32,8.3,17.5,0.75,0.5,1.75,0.5,1.0,2.75,0.0,0.25,0.25,0.75,1.5,0.75,0.5,-0.73,0.27,0.27,169.79,-4.2,7.6
6.92,0.5,0.75,3.0,0.75,1.75,1.0,0.0,0.0,0.0,1.5,0.5,1.25,0.5,-0.92,0.2,-0.42,188.14,9.7,13.0,1.0,0.0,1.75,0.75,1.0,2.75,0.0,0.0,0.25,0.75,1.5,0.75,0.5,-0.67,0.14,0.27,164.5,-5.3,7.5
6.94,0.5,0.5,2.75,0.75,2.25,1.0,0.0,0.0,0.0,1.75,0.25,1.25,0.5,-0.86,0.14,-0.3,181.72,7.8,12.0,0.75,0.0,1.75,0.75,1.0,2.75,0.0,0.0,0.25,0.75,1.5,0.75,0.5,-0.61,0.02,0.08,160.76,-4.6,5.5
6.96,0.5,0.5,3.0,0.75,3.0,1.0,0.0,0.0,0.0,1.75,0.5,1.0,0.25,-0.86,0.14,-0.3,182.71,8.1,18.9,1.0,0.25,1.75,0.75,1.0,3.0,0.0,0.25,0.5,1.5,1.5,0.75,0.5,-0.61,-0.11,0.02,166.96,-3.4,3.1
6.98,0.5,0.75,3.0,0.75,2.5,1.0,0.0,0.0,0.0,1.75,0.5,1.0,0.25,-0.86,0.08,-0.3,182.67,8.8,19.0,1.0,0.5,1.75,1.0,1.25,2.75,0.0,0.0,0.25,1.25,1.0,0.75,0.75,-0.55,-0.23,0.02,172.94,-4.2,10.9
7.0,0.5,0.75,2.75,0.75,1.75,1.0,0.0,0.0,0.0,1.0,0.25,0.5,0.5,-0.92,0.14,-0.3,175.43,10.3,27.3,1.0,0.5,1.75,1.0,1.0,2.75,0.0,0.25,0.25,1.5,1.5,0.75,0.5,-0.61,-0.3,0.08,181.42,-4.1,6.4
7.02,0.5,0.5,3.0,0.75,2.5,1.0,0.0,0.0,0.25,1.75,0.0,1.0,0.25,-0.86,0.08,-0.23,174.73,8.7,19.9,0.75,0.5,1.75,0.75,1.0,2.75,0.0,0.0,0.25,1.5,1.5,0.75,0.5,-0.61,-0.36,0.14,182.29,-3.7,4.5
7.04,0.5,0.75,3.0,0.75,2.25,1.0,0.25,0.0,0.25,1.75,0.25,1.0,0.25,-0.86,0.14,-0.3,174.55,9.3,19.0,1.0,0.5,1.5,0.75,1.0,3.0,0.0,0.0,0.25,1.25,1.5,0.75,0.5,-0.61,-0.42,0.2,182.33,-3.4,7.3
7.06,0.5,0.75,2.75,0.75,3.0,1.0,0.25,0.0,0.25,1.75,0.5,1.0,0.25,-0.92,0.2,-0.3,181.63,7.9,18.7,1.0,0.5,1.75,1.0,1.0,3.0,0.0,0.0,0.25,1.0,1.5,0.75,0.5,-0.61,-0.42,0.2,181.82,-4.9,11.2
7.08,0.5,1.0,3.0,0.75,3.5,1.0,0.0,0.0,0.0,1.75,0.5,0.75,0.25,-0.92,0.27,-0.36,190.7,7.8,25.8,1.0,0.5,1.75,0.75,1.0,3.0,0.0,0.0,0.25,1.75,1.5,0.75,0.5,-0.61,-0.42,0.2,184.13,-3.4,5.2
7.1,0.5,0.75,3.0,0.75,2.25,1.0,0.0,0.0,0.25,1.5,0.5,1.0,0.25,-0.86,0.39,-0.42,191.79,9.6,19.0,0.75,0.5,1.5,1.0,1.0,3.0,0.0,0.0,0.25,1.5,1.5,0.75,0.5,-0.61,-0.42,0.2,184.16,-2.7,5.0
7.12,0.5,0.5,2.75,0.75,1.75,1.0,0.25,0.0,0.25,0.5,0.5,1.25,0.5,-0.8,0.39,-0.42,182.75,11.6,17.0,0.75,0.5,1.75,0.75,1.0,3.0,0.0,0.25,0.25,1.5,1.5,0.75,0.5,-0.61,-0.55,0.27,185.33,-2.8,4.2
7.14,0.5,0.75,2.5,0.75,2.5,1.0,0.25,0.0,0.0,0.75,0.5,1.25,0.25,-0.73,0.45,-0.42,176.55,9.9,22.7,1.0,0.5,1.5,0.75,1.0,3.0,0.0,0.0,0.25,1.5,1.25,0.75,0.5,-0.55,-0.61,0.27,183.26,-2.9,7.3
7.16,0.5,1.0,3.0,0.75,3.0,1.0,0.25,0.0,0.0,0.75,0.0,1.0,0.25,-0.73,0.45,-0.42,175.52,10.5,34.3,0.75,0.5,1.75,1.0,1.0,3.0,0.0,0.0,0.25,1.75,1.5,0.75,0.5,-0.55,-0.73,0.27,184.32,-3.1,4.6
7.18,0.75,0.75,2.75,0.75,2.5,1.0,0.25,0.0,0.0,1.0,0.0,1.25,0.25,-0.73,0.39,-0.36,174.97,10.4,27.1,1.0,0.5,1.75,0.75,1.0,3.0,0.0,0.0,0.25,1.75,1.5,0.75,0.5,-0.55,-0.86,0.33,184.66,-3.4,5.2
7.2,0.5,0.5,2.5,0.75,2.5,1.0,0.5,0.0,0.0,0.75,0.5,1.0,0.25,-0.8,0.39,-0.3,172.61,10.1,24.0,1.0,0.5,1.75,0.75,1.0,3.0,0.0,0.0,0.25,1.5,1.5,0.75,0.5,-0.42,-0.8,0.33,184.54,-3.8,6.8
7.22,0.5,0.75,2.75,0.75,3.0,1.0,0.25,0.0,0.0,0.75,0.5,1.0,0.5,-0.92,0.33,-0.23,176.27,9.3,24.9,0.75,0.5,1.75,0.75,1.0,3.0,0.0,0.25,0.25,1.75,1.5,0.75,0.5,-0.36,-0.8,0.27,185.61,-2.4,2.6
7.24,0.5,0.75,2.75,0.75,3.5,1.0,0.25,0.0,0.25,1.25,0.5,1.25,0.25,-0.92,0.33,-0.3,184.45,8.4,21.3,1.0,0.5,1.75,0.75,1.0,3.0,0.25,0.0,0.25,1.75,1.5,0.75,0.5,-0.42,-0.86,0.39,186.91,-3.7,5.4
7.26,0.5,0.75,2.75,0.75,3.5,1.0,0.25,0.0,0.0,1.25,0.5,1.0,0.5,-0.92,0.39,-0.3,189.99,7.8,22.3,1.0,0.5,1.5,0.75,1.0,3.0,0.25,0.0,0.25,1.75,1.5,0.75,0.5,-0.48,-0.86,0.45,186.97,-3.0,4.2
7.28,0.5,0.75,3.0,0.75,3.0,1.0,0.25,0.0,0.0,1.25,0.5,1.25,0.25,-0.92,0.33,-0.23,194.04,9.4,21.8,1.0,0.5,1.5,0.75,1.0,3.0,0.25,0.0,0.5,2.0,1.5,0.75,0.5,-0.42,-0.8,0.52,188.25,-2.8,1.9
7.3,0.5,0.25,3.0,0.75,2.25,1.0,0.25,0.0,0.0,1.25,0.5,1.25,0.25,-0.98,0.27,-0.23,188.78,10.2,16.0,0.75,0.5,1.75,1.0,0.5,2.75,0.0,0.0,0.25,1.0,1.0,0.75,0.0,-0.67,-0.98,0.64,177.42,-5.9,16.6
7.32,0.5,0.75,3.0,1.0,3.0,1.0,0.25,0.25,0.25,1.25,1.0,1.25,0.25,-1.05,0.2,-0.23,194.72,9.2,17.0,1.0,0.5,1.75,1.0,1.0,3.0,0.0,0.0,0.25,1.75,1.5,0.75,0.5,-0.8,-1.05,0.83,179.5,-3.7,6.2
7.34,0.5,0.75,2.75,0.75,2.25,1.0,0.25,0.25,0.0,1.5,0.5,1.25,0.25,-0.98,0.27,-0.17,192.21,8.7,15.5,1.0,0.5,1.75,1.0,1.0,3.0,0.0,0.0,0.25,1.75,1.5,0.75,0.5,-0.8,-0.98,0.77,181.1,-3.7,6.2
7.36,0.5,0.75,2.75,0.75,3.0,1.0,0.25,0.25,0.0,1.25,0.5,0.75,0.25,-0.92,0.27,-0.17,193.31,8.3,25.1,1.0,0.5,1.75,0.75,1.0,3.0,0.0,0.0,0.25,1.5,1.5,0.75,0.25,-0.86,-0.86,1.02,183.21,-4.1,9.2
7.38,0.5,0.5,2.75,0.75,3.0,1.0,0.25,0.25,0.0,1.25,0.5,0.75,0.25,-0.86,0.27,-0.17,188.71,8.2,23.5,1.0,0.5,1.75,0.75,1.0,3.0,0.25,0.0,0.25,1.75,1.5,0.75,0.5,-0.73,-0.86,1.08,185.17,-3.7,5.4
7.4,0.5,0.5,2.75,0.75,2.25,1.0,0.25,0.0,0.0,1.25,0.25,1.25,0.25,-0.86,0.27,-0.17,182.4,9.6,18.8,0.75,0.5,1.75,0.75,1.0,3.0,0.0,0.0,0.25,1.5,1.5,0.75,0.0,-0.61,-0.67,0.89,182.1,-3.9,10.1
7.42,0.5,1.0,3.0,0.75,2.25,1.0,0.25,0.25,0.0,1.5,0.5,1.0,0.25,-0.86,0.27,-0.17,181.69,9.3,20.7,1.0,0.5,1.5,0.5,0.5,2.75,0.25,0.0,0.25,1.75,1.5,0.75,0.25,-0.55,-0.67,0.58,175.8,-3.9,2.5
7.44,0.5,0.75,3.0,0.75,2.5,1.0,0.25,0.0,0.0,1.5,0.5,0.75,0.5,-0.92,0.27,-0.17,181.53,9.0,20.9,1.0,0.5,1.75,0.75,1.0,2.75,0.25,0.0,0.25,2.0,1.5,0.75,0.0,-0.48,-0.55,0.45,174.97,-4.5,8.0
7.46,0.5,0.5,2.5,0.75,1.75,1.0,0.25,0.25,0.0,1.75,0.5,1.25,0.25,-0.92,0.27,-0.17,177.23,8.0,8.7,0.75,0.5,1.75,0.75,1.0,3.0,0.25,0.0,0.25,1.75,1.5,1.0,0.5,-0.36,-0.48,0.45,178.31,-3.2,1.5
7.48,0.75,0.75,3.0,0.75,1.75,1.0,0.5,0.25,0.0,1.5,0.5,0.5,0.5,-0.98,0.27,-0.17,175.32,10.1,21.6,0.75,0.5,1.75,0.75,1.0,3.0,0.25,0.0,0.25,1.75,1.5,0.75,0.25,-0.42,-0.42,0.45,180.67,-3.4,6.0
7.5,0.25,0.5,3.25,0.75,2.5,1.0,0.25,0.25,0.0,1.75,0.5,1.25,0.25,-1.05,0.2,-0.17,179.03,8.5,13.3,1.0,0.5,1.75,0.75,1.0,3.0,0.5,0.0,0.25,1.75,1.5,0.75,0.25,-0.48,-0.36,0.45,184.18,-4.3,7.9
7.52,0.5,0.75,2.75,0.75,2.5,1.0,0.25,0.25,0.0,1.25,0.5,1.0,0.25,-1.05,0.2,-0.11,180.41,8.9,20.9,0.75,0.5,2.0,0.5,1.0,3.0,0.5,0.0,0.25,1.75,1.5,0.75,0.25,-0.48,-0.3,0.52,185.07,-4.1,6.3
7.54,0.5,0.75,2.75,0.75,2.25,1.0,0.5,0.25,0.0,1.5,0.5,1.0,0.25,-1.05,0.2,-0.11,181.79,8.9,18.2,0.75,0.5,1.5,0.5,1.0,3.0,0.5,0.0,0.25,2.0,1.5,0.75,0.25,-0.55,-0.3,0.89,183.95,-2.3,2.3
7.56,0.5,0.75,2.75,0.75,2.5,1.0,0.25,0.0,0.0,1.75,0.5,1.0,0.25,-0.98,0.2,-0.05,181.92,8.4,18.2,0.75,0.5,1.75,0.75,1.0,3.0,0.5,0.0,0.25,2.0,1.5,0.75,0.25,-0.55,-0.3,0.95,182.76,-3.3,4.6
7.58,0.5,0.75,3.0,0.75,2.25,1.0,0.25,0.25,0.0,1.25,0.5,1.0,0.5,-0.98,0.14,-0.05,183.74,9.3,18.2,1.0,0.75,1.75,0.5,1.0,2.75,0.0,0.25,0.25,1.5,1.5,0.75,0.25,-0.55,-0.3,0.83,182.5,-4.1,8.6
7.6,0.5,0.75,2.5,0.75,2.25,1.0,0.25,0.25,0.0,0.75,0.5,1.0,0.25,-0.92,0.08,0.08,178.29,9.6,23.5,1.0,0.75,1.5,0.5,1.0,3.0,0.25,0.0,0.25,1.75,1.5,0.75,0.0,-0.67,-0.23,0.89,182.07,-3.6,10.0
7.62,0.5,0.75,3.0,0.75,1.75,1.0,0.25,0.25,0.0,0.75,0.25,0.75,0.25,-0.98,0.08,0.02,171.85,11.7,29.2,0.75,0.75,1.75,0.75,1.0,2.75,0.25,0.25,0.25,1.25,1.25,0.75,0.25,-0.86,-0.3,1.08,179.96,-4.4,11.6
7.64,0.5,0.25,3.0,0.75,2.5,1.0,0.25,0.25,0.0,1.0,0.5,1.25,0.25,-0.92,0.08,-0.05,170.88,9.9,17.7,1.0,0.75,1.5,0.75,1.0,3.0,0.25,0.0,0.25,2.0,1.5,0.75,0.25,-0.86,-0.3,1.02,182.98,-3.1,6.9
7.66,0.5,0.75,2.25,0.75,1.75,1.0,0.25,0.25,0.0,1.25,0.5,0.5,0.25,-0.92,0.14,-0.11,163.56,8.4,22.5,0.75,0.5,1.75,0.5,1.0,3.0,0.0,0.0,0.25,1.75,1.5,0.75,0.5,-0.8,-0.3,0.95,181.75,-2.5,2.3
7.68,0.5,0.75,3.0,0.75,1.75,1.0,0.5,0.25,0.0,1.5,0.5,0.75,0.25,-0.86,0.2,-0.17,166.14,10.1,20.1,1.0,1.0,1.75,0.75,1.0,3.0,0.25,0.0,0.25,1.75,1.5,0.75,0.5,-0.73,-0.3,1.02,186.41,-4.0,9.0
7.7,0.5,0.75,2.75,1.0,3.5,1.0,0.0,0.25,0.0,1.75,0.5,1.0,0.25,-0.86,0.27,-0.17,178.8,6.9,20.8,0.75,0.75,1.75,0.75,1.0,3.0,0.25,0.0,0.25,2.0,1.5,0.75,0.25,-0.73,-0.23,1.08,187.97,-3.2,6.3
7.72,0.5,0.75,3.0,0.75,1.75,1.0,0.25,0.25,0.0,1.75,0.25,1.25,0.25,-0.86,0.27,-0.23,182.0,9.3,14.6,1.0,0.75,1.75,0.75,1.0,3.0,0.25,0.0,0.25,1.75,1.5,0.75,0.25,-0.67,-0.23,1.02,190.43,-4.2,9.6
7.74,0.5,0.75,3.0,0.75,2.25,1.0,0.0,0.25,0.0,1.75,0.25,1.0,0.25,-0.92,0.33,-0.23,184.6,8.5,18.9,0.75,0.75,1.75,0.5,1.0,3.0,0.0,0.0,0.25,2.0,1.5,0.75,0.25,-0.61,-0.23,0.95,188.16,-2.7,5.0
7.76,0.5,0.5,3.0,0.75,3.5,1.0,0.25,0.25,0.0,1.75,0.5,1.0,0.25,-0.98,0.33,-0.17,191.57,7.4,19.4,1.0,0.75,1.5,0.5,1.0,3.0,0.25,0.0,0.25,1.5,1.5,0.75,0.25,-0.48,-0.23,0.89,185.49,-3.6,9.2
7.78,0.5,0.5,3.0,0.75,1.75,1.0,0.0,0.0,0.0,1.75,0.5,1.25,0.25,-0.98,0.33,-0.17,187.65,9.6,11.9,1.0,0.75,1.75,0.5,1.0,2.75,0.0,0.0,0.25,1.0,1.75,0.75,0.5,-0.42,-0.3,0.83,181.66,-5.2,8.9
7.8,0.25,0.75,2.75,1.0,2.25,1.0,0.25,0.25,0.0,1.75,0.5,1.0,0.25,-0.98,0.33,-0.23,186.65,7.8,15.5,0.75,0.5,1.75,0.5,1.0,3.0,0.25,0.0,0.25,1.75,1.5,0.75,0.25,-0.36,-0.3,0.83,179.02,-3.1,4.9
7.82,0.75,0.25,2.5,0.75,3.0,1.0,0.25,0.25,0.0,1.75,0.5,1.25,1.25,-0.98,0.27,-0.23,191.41,5.5,4.4,0.75,0.75,1.75,0.5,1.0,3.0,0.25,0.0,0.25,1.75,1.5,0.75,0.25,-0.3,-0.23,0.77,179.38,-3.3,6.9
7.84,0.5,0.75,3.0,0.75,2.25,1.0,0.0,0.25,0.0,1.75,0.5,0.5,0.25,-0.98,0.2,-0.17,190.83,8.5,22.3,1.0,1.25,1.75,0.5,1.0,3.0,0.25,0.0,0.25,2.25,1.5,0.75,0.25,-0.3,-0.3,0.7,185.81,-3.5,8.9
7.86,0.5,0.5,2.5,0.75,2.25,1.0,0.25,0.25,0.0,1.5,0.5,1.25,0.5,-0.98,0.08,-0.11,187.31,7.5,10.1,1.0,1.0,1.75,0.5,1.0,3.0,0.5,0.0,0.25,2.0,1.5,0.75,0.25,-0.3,-0.23,0.7,190.14,-4.0,8.9
7.88,0.5,0.75,3.0,0.75,2.5,1.0,0.25,0.0,0.0,1.75,0.5,1.0,0.25,-0.98,0.02,-0.05,186.28,9.0,19.1,0.75,1.0,1.75,0.5,1.0,3.0,0.5,0.0,0.25,2.0,1.5,0.75,0.0,-0.36,-0.23,0.7,191.29,-3.8,9.7
7.9,0.5,0.75,2.75,0.75,2.5,1.0,0.25,0.0,0.0,1.75,0.25,1.0,0.25,-0.92,-0.05,0.02,184.69,8.3,20.1,1.0,1.0,1.5,0.5,1.0,3.0,0.5,0.25,0.25,2.0,1.5,0.75,0.25,-0.36,-0.23,0.7,192.6,-2.9,7.0
7.92,0.5,0.5,3.0,1.0,2.25,1.0,0.25,0.25,0.0,1.75,0.5,1.0,0.5,-0.98,-0.17,0.02,184.38,8.4,13.8,1.0,1.25,1.75,0.5,1.0,3.0,0.5,0.0,0.25,1.5,1.5,0.0,0.25,-0.36,-0.17,0.64,189.58,-4.7,21.5
7.94,0.5,0.75,2.75,0.75,2.25,1.0,0.5,0.0,0.0,1.5,0.25,0.75,0.25,-0.98,-0.17,-0.05,180.19,9.4,24.2,0.75,1.0,1.75,0.5,1.0,2.75,0.5,0.0,0.25,1.5,1.25,0.25,0.5,-0.36,-0.17,0.7,185.1,-4.0,14.4
7.96,0.5,0.75,2.75,0.75,2.5,1.0,0.25,0.25,0.0,1.75,0.5,0.75,0.25,-0.98,-0.23,-0.11,182.33,7.9,19.6,1.0,1.0,1.5,0.5,1.0,3.0,0.25,0.0,0.25,1.75,1.5,0.75,0.25,-0.42,-0.17,0.83,183.98,-3.4,9.3
7.98,0.75,0.5,1.75,0.5,1.75,1.0,0.5,0.0,0.0,1.75,0.5,0.75,0.5,-0.86,-0.23,-0.05,170.81,6.4,9.7,0.25,1.0,1.5,0.75,1.0,3.0,0.25,0.0,0.25,0.5,0.5,0.0,0.25,-0.61,-0.17,1.02,170.4,-2.8,34.1
8.0,0.5,0.5,2.25,0.75,1.25,1.0,0.25,0.25,0.0,1.75,0.5,0.75,0.5,-0.8,-0.17,0.02,162.61,7.3,7.6,1.0,1.25,1.25,0.75,1.0,3.0,0.25,0.0,0.25,2.25,1.5,0.75,0.0,-0.8,-0.23,1.14,174.65,-2.8,10.2
8.02,0.5,0.5,2.75,0.75,3.0,1.0,0.25,0.25,0.0,1.75,0.5,1.0,0.5,-0.8,-0.17,0.02,169.28,6.9,14.6,0.0,0.0,1.75,0.5,1.0,1.75,0.25,0.0,0.0,0.5,1.5,0.0,0.0,-0.8,-0.17,1.14,150.91,-6.6,15.8
8.04,0.5,0.5,2.75,0.75,2.5,1.0,0.25,0.0,0.0,1.75,0.5,1.0,0.25,-0.8,-0.11,-0.05,172.76,8.3,16.5,0.0,0.0,0.0,0.0,0.0,1.75,0.0,0.0,0.25,1.5,0.0,0.0,0.0,-0.73,-0.11,1.02,113.06,17.1,-19.5
8.06,0.5,0.5,3.0,0.75,2.25,1.0,0.25,0.0,0.0,1.75,0.5,1.0,0.25,-0.8,-0.05,-0.11,177.43,9.2,16.5,0.75,1.0,0.0,0.5,0.0,3.0,0.0,0.0,0.25,1.75,1.5,0.0,0.25,-0.8,-0.11,1.2,99.75,3.4,2.0
8.08,0.5,0.5,3.0,0.75,2.5,1.0,0.25,0.0,0.0,1.75,0.5,1.0,0.5,-0.86,0.02,-0.05,182.3,8.5,14.8,0.75,1.0,1.75,0.5,1.0,1.75,0.5,0.0,0.0,0.0,1.5,0.0,0.25,-0.61,-0.05,1.08,100.9,-10.6,33.7
8.1,0.5,0.5,3.0,0.75,2.5,1.0,0.25,0.0,0.0,1.75,0.5,0.75,0.5,-0.92,0.14,-0.05,184.19,8.5,17.3,0.75,1.0,1.75,0.5,1.0,1.5,0.25,0.0,0.0,0.0,1.0,0.0,0.5,-0.42,-0.05,0.89,109.75,-10.5,35.7
8.12,0.25,0.5,2.75,0.75,2.5,1.0,0.25,0.25,0.0,1.75,0.5,1.0,0.25,-0.92,0.2,-0.11,182.49,7.3,13.8,0.0,0.0,0.0,0.5,0.0,1.75,0.0,0.0,0.0,0.5,0.0,0.0,0.0,-0.3,-0.05,0.77,86.92,13.7,18.2
8.14,0.75,0.5,2.5,0.75,1.75,1.0,0.25,0.0,0.0,1.75,0.5,1.0,0.5,-0.98,0.2,-0.17,179.02,8.6,11.5,0.0,0.0,0.0,0.5,0.0,1.75,0.0,0.0,0.0,0.25,0.0,0.0,0.0,-0.23,-0.05,0.83,62.5,13.4,27.9
8.16,0.5,0.5,3.0,0.75,3.0,1.0,0.25,0.0,0.0,1.75,0.25,0.75,0.25,-0.98,0.27,-0.23,181.26,8.3,23.5,1.0,1.0,0.0,0.5,0.0,3.0,0.0,0.0,0.25,1.75,0.25,0.0,0.0,-0.23,-0.11,0.89,62.53,4.2,21.2
8.18,0.5,0.25,2.75,0.75,1.25,1.0,0.25,0.25,0.0,1.75,0.25,0.5,0.25,-0.98,0.33,-0.23,171.22,9.2,16.1,0.75,1.0,0.0,0.75,0.0,3.0,0.0,0.0,0.25,1.75,0.25,0.75,0.0,-0.17,-0.23,0.83,78.6,3.4,8.4
8.2,0.5,0.5,3.0,0.75,2.25,1.0,0.0,0.25,0.0,1.75,0.25,0.75,0.5,-0.98,0.33,-0.23,172.33,7.9,17.0,1.0,1.0,0.0,0.75,0.0,3.0,0.0,0.0,0.25,1.75,0.25,0.75,0.0,-0.17,-0.3,0.83,102.51,2.4,10.9
8.22,0.5,0.75,3.0,0.75,2.25,1.0,0.0,0.25,0.0,1.75,0.5,1.0,0.25,-1.05,0.27,-0.23,175.23,8.5,17.0,0.0,0.0,1.75,0.5,0.0,2.0,0.0,0.0,0.25,1.0,0.25,0.25,0.0,-0.17,-0.3,0.95,107.96,-4.5,12.4
8.24,0.5,0.5,2.5,0.75,1.75,1.0,0.25,0.0,0.0,1.75,0.5,1.0,0.25,-1.05,0.2,-0.17,172.67,8.5,12.5,1.0,1.0,1.75,0.75,1.0,3.0,0.5,0.0,0.25,2.75,1.5,0.75,0.25,-0.23,-0.36,0.95,145.35,-3.2,5.3
8.26,0.5,0.75,3.0,0.75,2.25,1.0,0.25,0.25,0.0,1.75,0.5,0.75,0.5,-1.05,0.14,-0.17,175.46,8.3,17.0,0.75,1.0,1.75,0.75,1.0,2.75,0.25,0.0,0.25,1.5,1.5,0.5,0.25,-0.23,-0.42,0.95,167.27,-4.6,13.5
8.28,0.5,0.25,3.0,0.75,1.75,1.0,0.0,0.25,0.0,1.75,0.5,0.75,0.25,-0.98,0.02,-0.11,173.24,9.0,14.2,0.75,1.0,1.5,0.5,1.0,3.0,0.5,0.0,0.25,0.75,1.5,0.75,0.25,-0.23,-0.36,1.02,184.54,-4.7,15.1
8.3,0.25,0.75,2.25,0.5,1.75,1.0,0.0,0.25,0.0,1.75,0.5,0.75,0.25,-0.98,-0.05,-0.05,167.18,6.2,11.9,0.0,0.0,1.75,0.5,1.0,1.75,0.5,0.0,0.0,0.5,1.5,0.75,0.0,-0.23,-0.23,1.02,169.43,-7.2,4.4
8.32,0.5,0.75,2.5,0.75,3.0,1.0,0.25,0.25,0.0,1.75,0.5,1.0,0.25,-0.98,-0.11,-0.11,171.83,6.8,17.8,0.0,0.0,1.75,0.5,1.0,1.75,0.5,0.0,0.25,0.5,1.0,0.0,0.0,-0.36,-0.17,0.89,153.72,-7.0,20.4
8.34,0.5,0.75,3.0,1.0,1.25,1.0,0.0,0.25,0.0,1.75,0.5,0.75,0.25,-1.05,-0.17,-0.11,172.24,10.0,17.0,0.75,1.0,0.0,0.5,0.0,3.0,0.5,0.0,0.25,2.0,1.5,0.75,0.0,-0.23,-0.11,0.83,145.68,1.7,-4.9
8.36,0.5,0.5,2.75,0.75,2.25,1.0,0.0,0.25,0.0,1.75,0.25,0.75,0.25,-0.98,-0.17,0.02,174.14,7.7,18.9,1.0,1.0,1.5,0.75,1.0,3.0,0.5,0.0,0.25,2.0,1.5,0.75,0.25,-0.17,-0.11,0.83,164.02,-3.6,8.9
8.38,0.5,0.25,2.25,0.75,2.25,1.0,0.0,0.25,0.0,1.25,0.5,1.0,0.25,-0.92,-0.23,0.08,169.07,7.3,14.2,0.75,1.0,1.75,0.5,1.0,3.0,0.5,0.0,0.25,2.0,1.5,0.75,0.0,-0.17,-0.05,0.89,178.68,-3.8,9.7
